url,url_mobile,title,seendate,socialimage,domain,language,sourcecountry
https://www.india.com/news/world/netanyahu-to-meet-donald-trump-energy-deregulation-iran-missiles-high-on-agenda-world-news-khamenei-nuclear-uranium-8301555/,https://www.india.com/news/world/netanyahu-to-meet-donald-trump-energy-deregulation-iran-missiles-high-on-agenda-world-news-khamenei-nuclear-uranium-8301555/amp/,"Netanyahu to meet Donald Trump : energy , deregulation , Iran missiles high on agenda",20260211T050000Z,https://static.india.com/wp-content/uploads/2026/02/Netanyahu.png,india.com,English,India
https://www.benzinga.com/news/politics/26/01/49664942/iran-warns-us-intervention-would-destabilize-region-after-trump-threatens-action-over-protests-amer,,Iran Warns US Intervention Would Destabilize Region After Trump Threatens Action Over Protests :  American People Must Know ... ,20260102T140000Z,https://cdn.benzinga.com/files/images/story/2026/01/02/Iran-Map--Coronavirus-In-Iran--Coranavir_0.jpeg?&fit=crop,benzinga.com,English,United States
https://www.lbcgroup.tv/news/world-news/906556/trump-says-considering-limited-military-strike-on-iran/en,,Trump says considering limited military strike on Iran,20260220T194500Z,https://www.lbcgroup.tv/uploadImages/DocumentImages/Doc-T-906556-639071975733667779.jpg,lbcgroup.tv,English,Lebanon
https://www.lbcgroup.tv/news/world-news/906270/iran-would-be-very-wise-to-make-a-deal-with-trump-white-house/en,,Iran would be very wise to make a deal with Trump : White House,20260218T201500Z,https://www.lbcgroup.tv/uploadImages/DocumentImages/Doc-T-906270-639070376508860757.jpg,lbcgroup.tv,English,Lebanon
https://www.theepochtimes.com/us/trump-calls-for-new-leadership-in-iran-5972650,,Trump Calls for New Leadership in Iran,20260118T044500Z,https://img.theepochtimes.com/assets/uploads/2026/01/17/id5972611-GettyImages-2256622583-Donald-Trump-OP-1080x720.jpg,theepochtimes.com,English,United States
https://www.foxnews.com/us/us-military-warns-iran-not-tolerate-any-unsafe-actions-ahead-live-fire-drills-strait-hormuz,https://www.foxnews.com/us/us-military-warns-iran-not-tolerate-any-unsafe-actions-ahead-live-fire-drills-strait-hormuz.amp,US military issues warning to Iran ahead of live - fire drills in Strait of Hormuz,20260131T183000Z,https://static.foxnews.com/foxnews.com/content/uploads/2026/01/uss-abraham-lincoln-flight-deck.jpg,foxnews.com,English,United States
https://www.wcvb.com/article/trump-threatens-military-action-against-iran/69885268,,Trump threatens military action again Iran,20251230T111500Z,"https://kubrick.htvapps.com/htv-prod-media.s3.amazonaws.com/images/trump-6937c199411c5.jpg?crop=1.00xw:0.846xh;0,0",wcvb.com,English,United States
https://www.wyff4.com/article/trump-threatens-military-action-against-iran/69885268,,Trump threatens military action again Iran,20251230T120000Z,"https://kubrick.htvapps.com/htv-prod-media.s3.amazonaws.com/images/trump-6937c199411c5.jpg?crop=1.00xw:0.846xh;0,0",wyff4.com,English,United States
https://www.wyff4.com/article/trump-warns-iran-against-killing-protesters/69905176,,  Locked and loaded : President Trump warns Iran against killing protesters,20260103T013000Z,"https://kubrick.htvapps.com/vidthumb/images/ap269583aa941620.jpg?crop=1xw:0.8433382137628112xh;center,top",wyff4.com,English,United States
https://www.wbaltv.com/article/trump-threatens-military-action-against-iran/69885268,,Trump threatens military action again Iran,20251230T131500Z,"https://kubrick.htvapps.com/htv-prod-media.s3.amazonaws.com/images/trump-6937c199411c5.jpg?crop=1.00xw:0.846xh;0,0",wbaltv.com,English,United States
https://www.koat.com/article/trump-warns-iran-against-killing-protesters/69905176,,  Locked and loaded : President Trump warns Iran against killing protesters,20260103T023000Z,"https://kubrick.htvapps.com/vidthumb/images/ap269583aa941620.jpg?crop=1xw:0.8433382137628112xh;center,top",koat.com,English,United States
https://www.wxii12.com/article/trump-warns-iran-against-killing-protesters/69905176,,  Locked and loaded : President Trump warns Iran against killing protesters,20260103T024500Z,"https://kubrick.htvapps.com/vidthumb/images/ap269583aa941620.jpg?crop=1xw:0.8433382137628112xh;center,top",wxii12.com,English,United States
https://www.wtae.com/article/trump-warns-iran-against-killing-protesters/69905176,,  Locked and loaded : President Trump warns Iran against killing protesters,20260103T014500Z,"https://kubrick.htvapps.com/vidthumb/images/ap269583aa941620.jpg?crop=1xw:0.8433382137628112xh;center,top",wtae.com,English,United States
https://www.wesh.com/article/trump-warns-iran-against-killing-protesters/69905176,,  Locked and loaded : President Trump warns Iran against killing protesters,20260103T004500Z,"https://kubrick.htvapps.com/vidthumb/images/ap269583aa941620.jpg?crop=1xw:0.8433382137628112xh;center,top",wesh.com,English,United States
https://www.kcci.com/article/trump-warns-iran-against-killing-protesters/69905176,,  Locked and loaded : President Trump warns Iran against killing protesters,20260103T031500Z,"https://kubrick.htvapps.com/vidthumb/images/ap269583aa941620.jpg?crop=1xw:0.8433382137628112xh;center,top",kcci.com,English,United States
https://www.news18.com/world/this-is-going-to-be-very-traumatic-trump-warns-iran-over-nuclear-deal-ws-l-9899951.html,https://www.news18.com/amp/world/this-is-going-to-be-very-traumatic-trump-warns-iran-over-nuclear-deal-ws-l-9899951.html,  This Is Going To Be Very Traumatic : Trump Warns Iran Over Nuclear Deal,20260213T020000Z,https://images.news18.com/ibnlive/uploads/2026/02/Donald-Trump-Netanyahu-Meeting-2026-02-d3d17db689c34f017c5ee3d4853c7fcb-16x9.jpg,news18.com,English,India
https://www.kcra.com/article/trump-warns-iran-against-killing-protesters/69905176,,  Locked and loaded : President Trump warns Iran against killing protesters,20260103T023000Z,"https://kubrick.htvapps.com/vidthumb/images/ap269583aa941620.jpg?crop=1xw:0.8433382137628112xh;center,top",kcra.com,English,United States
https://www.protothema.gr/world/article/1755419/trab-gia-iran-ehei-megala-provlimata-an-arhisoun-na-skotonoun-anthropous-tha-paremvoume/,https://www.protothema.gr/world/article/1755419/trab-gia-iran-ehei-megala-provlimata-an-arhisoun-na-skotonoun-anthropous-tha-paremvoume/AMP/,"Τραμπ για Ιράν : « Έχει μεγάλα προβλήματα , αν αρχίσουν να σκοτώνουν ανθρώπους , θα παρέμβουμε » ",20260110T021500Z,,protothema.gr,English,Greece
https://www.wlwt.com/article/trump-threatens-military-action-against-iran/69885268,,Trump threatens military action again Iran,20251230T121500Z,"https://kubrick.htvapps.com/htv-prod-media.s3.amazonaws.com/images/trump-6937c199411c5.jpg?crop=1.00xw:0.846xh;0,0",wlwt.com,English,United States
https://us.cnn.com/us/live-news/trump-administration-us-iran-talks-02-26-26,,"Live updates : US - Iran talks in Geneva , latest Trump administration news",20260226T121500Z,"https://media.cnn.com/api/v1/images/stellar/prod/gettyimages-2262896215.jpg?c=16x9&q=w_800,c_fill",us.cnn.com,English,United States
https://www.wlwt.com/article/trump-warns-iran-against-killing-protesters/69905176,,  Locked and loaded : President Trump warns Iran against killing protesters,20260103T014500Z,"https://kubrick.htvapps.com/vidthumb/images/ap269583aa941620.jpg?crop=1xw:0.8433382137628112xh;center,top",wlwt.com,English,United States
https://timesofindia.indiatimes.com/world/us/should-irans-supreme-leader-khamenei-be-worried-donald-trumps-response-and-a-blunt-warning/articleshow/127922628.cms,https://timesofindia.indiatimes.com/world/us/should-irans-supreme-leader-khamenei-be-worried-donald-trumps-response-and-a-blunt-warning/amp_articleshow/127922628.cms,Should Iran supreme leader Khamenei be worried ? Donald Trump response and a blunt warning,20260205T040000Z,"https://static.toiimg.com/thumb/msid-127922668,width-1280,height-720,imgsize-740116,resizemode-6,overlay-toi_sw,pt-32,y_pad-600/photo.jpg",timesofindia.indiatimes.com,English,India
https://www.news18.com/world/we-will-hit-them-very-hard-trump-threatens-iran-if-protesters-are-killed-9818781.html,https://www.news18.com/amp/world/we-will-hit-them-very-hard-trump-threatens-iran-if-protesters-are-killed-9818781.html,  We Will Hit Them Very Hard : Trump Threatens Iran If Protesters Are Killed,20260109T024500Z,https://images.news18.com/ibnlive/uploads/2026/01/Trump-wars-2026-01-9952c5685d91bd69a6c0ffddaf02ea82-16x9.jpg,news18.com,English,India
https://www.khaama.com/trump-says-us-iran-talks-going-well-more-meetings-expected/,https://www.khaama.com/trump-says-us-iran-talks-going-well-more-meetings-expected/?amp=1,"Trump Says US - Iran Talks Going Well , More Meetings Expected",20260207T064500Z,https://www.khaama.com/wp-content/uploads/2026/01/Trump1.jpg,khaama.com,English,Afghanistan
https://www.salon.com/2026/02/19/trump-warns-of-bad-things-if-iran-doesnt-agree-to-meaningful-nuclear-deal/,,Trump warns of  bad things  if Iran doesnt agree to  meaningful  nuclear deal,20260220T021500Z,https://www.salon.com/app/uploads/2026/01/Donald-Trump-2252580333.jpg,salon.com,English,United States
https://timesofindia.indiatimes.com/world/us/trump-warns-iran-as-us-ships-enter-region/articleshow/127748830.cms,https://timesofindia.indiatimes.com/world/us/trump-warns-iran-as-us-ships-enter-region/amp_articleshow/127748830.cms,Trump warns Iran as US ships enter region - The Times of India,20260129T023000Z,"https://static.toiimg.com/thumb/msid-127748823,width-1280,height-720,imgsize-6860,resizemode-6,overlay-toi_sw,pt-32,y_pad-600/photo.jpg",timesofindia.indiatimes.com,English,India
https://www.india.com/news/world/donald-trumps-statement-on-iran-protests-attracts-intense-retort-from-tehran-which-warns-us-of-usa-ayatollah-ali-khamenei-8253985/,https://www.india.com/news/world/donald-trumps-statement-on-iran-protests-attracts-intense-retort-from-tehran-which-warns-us-of-usa-ayatollah-ali-khamenei-8253985/amp/,Donald Trump statement on Iran protests attracts intense retort from Tehran,20260102T223000Z,https://static.india.com/wp-content/uploads/2026/01/QT-Iran-Protests-BEFUN.jpg,india.com,English,India
https://www.koat.com/article/president-trump-issues-more-sanctions-iran-nuclear-talks/70510993,,Trump issues more sanctions on Iran ahead of nuclear talks,20260226T130000Z,"https://kubrick.htvapps.com/vidthumb/ce6a39ee-119f-4e2c-8a2b-2956ba205775/thumb_1920x1080.0000001.jpg?crop=1xw:1xh;center,top",koat.com,English,United States
https://www.india.com/news/world/big-update-iran-nuclear-deal-discussions-benjamin-netanyahu-to-meet-donald-trump-heres-what-it-means-8297427/,https://www.india.com/news/world/big-update-iran-nuclear-deal-discussions-benjamin-netanyahu-to-meet-donald-trump-heres-what-it-means-8297427/amp/,Iran nuclear deal talks : Netanyahu to meet Donald Trump - Here what it means,20260208T071500Z,https://static.india.com/wp-content/uploads/2025/10/QT-netanyahu-trump-BEFUN.jpg,india.com,English,India
https://www.wbaltv.com/article/president-trump-issues-more-sanctions-iran-nuclear-talks/70510993,,Trump issues more sanctions on Iran ahead of nuclear talks,20260226T141500Z,"https://kubrick.htvapps.com/vidthumb/ce6a39ee-119f-4e2c-8a2b-2956ba205775/thumb_1920x1080.0000001.jpg?crop=1xw:1xh;center,top",wbaltv.com,English,United States
https://www.benzinga.com/crypto/cryptocurrency/26/02/50523671/bitcoin-at-69000-ethereum-xrp-dogecoin-hold-as-markets-await-us-iran-progress,,"Bitcoin At $69 , 000 Ethereum , XRP , Dogecoin Hold As Markets Await US - Iran Progress",20260210T203000Z,https://cdn.benzinga.com/files/images/story/2026/02/10/Sell-the-News-Warning.jpeg?&fit=crop,benzinga.com,English,United States
https://www.wesh.com/article/president-trump-issues-more-sanctions-iran-nuclear-talks/70510993,,Trump issues more sanctions on Iran ahead of nuclear talks,20260226T170000Z,"https://kubrick.htvapps.com/vidthumb/ce6a39ee-119f-4e2c-8a2b-2956ba205775/thumb_1920x1080.0000001.jpg?crop=1xw:1xh;center,top",wesh.com,English,United States
https://www.benzinga.com/news/politics/26/02/50839977/trump-is-waiting-to-hear-these-secret-words-from-iran-president-blasts-tehran-over-nuclear-threats-and-missile-program,,"Trump Is Waiting To Hear These  Secret  Words From Iran , President Blasts Tehran Over Nuclear Threats And Missile Program",20260225T070000Z,https://cdn.benzinga.com/files/images/story/2026/02/24/Unclear-Endgame-Fuels-Miscalculation-Fea.jpeg?&fit=crop,benzinga.com,English,United States
https://www.wgal.com/article/president-trump-issues-more-sanctions-iran-nuclear-talks/70510993,,Trump issues more sanctions on Iran ahead of nuclear talks,20260226T133000Z,"https://kubrick.htvapps.com/vidthumb/ce6a39ee-119f-4e2c-8a2b-2956ba205775/thumb_1920x1080.0000001.jpg?crop=1xw:1xh;center,top",wgal.com,English,United States
https://www.foxnews.com/politics/kennedy-warns-ayatollah-wants-drink-our-blood-out-boot-iran-tensions-escalate,https://www.foxnews.com/politics/kennedy-warns-ayatollah-wants-drink-our-blood-out-boot-iran-tensions-escalate.amp,GOP senator says he  wouldnt trust  Iran Ayatollah  if he was three days dead  ,20260227T013000Z,https://static.foxnews.com/foxnews.com/content/uploads/2026/02/senator-john-kennedy-boot.jpg,foxnews.com,English,United States
https://www.newkerala.com/news/a/netanyahu-meet-trump-washington-discuss-iran-talks-579.htm,,"Netanyahu , Trump Meet on Iran Nuclear Talks & Ballistic Missiles",20260208T014500Z,https://one.newkerala.com/images/t/newkerala-com-news250.webp,newkerala.com,English,India
https://www.independent.com/2026/02/26/powder-keg/,,Powder Keg - The Santa Barbara Independent,20260227T030000Z,,independent.com,English,United States
https://www.wlwt.com/article/president-trump-issues-more-sanctions-iran-nuclear-talks/70510993,,Trump issues more sanctions on Iran ahead of nuclear talks,20260226T163000Z,"https://kubrick.htvapps.com/vidthumb/ce6a39ee-119f-4e2c-8a2b-2956ba205775/thumb_1920x1080.0000001.jpg?crop=1xw:1xh;center,top",wlwt.com,English,United States
https://www.lbc.co.uk/article/iranian-regime-change-best-thing-trump-5HjdSLk_2/,,"Iranian regime change is  the best thing that could happen , says Trump",20260214T100000Z,https://images.globalplayer.com/images/792732?crop=16_9&signature=66PqZZZlZYbjoAM4CsgMeuI1FMg=,lbc.co.uk,English,United Kingdom
https://www.alternet.org/trump-iran-2675334486/,https://www.alternet.org/amp/trump-iran-2675334486-2675334486,Massive Iran mystery leaves Americans confused about Trump policy,20260226T003000Z,https://www.alternet.org/media-library/image.jpg?id=30047637&coordinates=0%2C15%2C0%2C15,alternet.org,English,United States
https://crooksandliars.com/2026/03/jd-vance-makes-us-allies-hate-america-even,https://crooksandliars.com/2026/03/jd-vance-makes-us-allies-hate-america-even/amp,JD Vance Makes US Allies Hate America Even More,20260319T114500Z,https://crooksandliars.com/files/mediaposters/2026/03/58737.jpg,crooksandliars.com,English,United States
https://www.dw.com/en/us-iran-to-hold-talks-in-oman-on-friday/a-75811679,https://amp.dw.com/en/us-iran-to-hold-talks-in-oman-on-friday/a-75811679,"US , Iran to hold talks in Oman on Friday",20260205T004500Z,https://static.dw.com/image/75723382_6.jpg,dw.com,English,Germany
https://www.wmtw.com/article/trump-threatens-military-action-against-iran/69885268,,Trump threatens military action again Iran,20251230T144500Z,"https://kubrick.htvapps.com/htv-prod-media.s3.amazonaws.com/images/trump-6937c199411c5.jpg?crop=1.00xw:0.846xh;0,0",wmtw.com,English,United States
https://www.wmtw.com/article/trump-warns-iran-against-killing-protesters/69905176,,  Locked and loaded : President Trump warns Iran against killing protesters,20260103T024500Z,"https://kubrick.htvapps.com/vidthumb/images/ap269583aa941620.jpg?crop=1xw:0.8433382137628112xh;center,top",wmtw.com,English,United States
https://news.antiwar.com/2026/01/18/trump-its-time-to-look-for-new-leadership-in-iran/,,Trump : It Time to Look for New Leadership in Iran - News From Antiwar . com,20260118T211500Z,https://news.antiwar.com/wp-content/uploads/2026/01/signal-2026-01-18-132509_002.jpeg,news.antiwar.com,English,United States
https://www.express.co.uk/news/us/2161520/trump-WW3-warns-us-armada-heading-iran-uss-abraham-lincoln,https://www.express.co.uk/news/us/2161520/trump-WW3-warns-us-armada-heading-iran-uss-abraham-lincoln/amp,Trump 11 - word Iran armada warning sparks WW3 fears,20260123T020000Z,https://cdn.images.express.co.uk/img/dynamic/198/1200x630/6693389.jpg,express.co.uk,English,United Kingdom
https://timesofmalta.com/article/iran-respond-like-never-before-us-attacks-iranian-mission-un.1123226,,Iran will  respond like never before  if US attacks : Iranian mission to UN,20260128T210000Z,https://cdn-attachments.timesofmalta.com/fd024a3accc9288ce1f6c0323fe8726ba226fd15-1769615850-9d23bfa8-1200x630.jpg,timesofmalta.com,English,Malta
https://www.kmbc.com/article/president-trump-issues-more-sanctions-iran-nuclear-talks/70510993,,Trump issues more sanctions on Iran ahead of nuclear talks,20260226T130000Z,"https://kubrick.htvapps.com/vidthumb/ce6a39ee-119f-4e2c-8a2b-2956ba205775/thumb_1920x1080.0000001.jpg?crop=1xw:1xh;center,top",kmbc.com,English,United States
https://www.finanzen.ch/nachrichten/aktien/oil-set-for-second-weekly-loss-on-supply-glut-fears-1035825389,,Oil Set For Second Weekly Loss On Supply Glut Fears,20260213T100000Z,,finanzen.ch,English,Switzerland
https://www.siasat.com/us-announces-sanctions-over-alleged-iran-venezuela-weapon-trade-3318758/,,US announces sanctions over alleged Iran - Venezuela weapon trade,20251231T083000Z,https://cdn.siasat.com/wp-content/uploads/2025/12/us-president-donald-trump-2.webp,siasat.com,English,India
https://www.wlwt.com/article/trump-iran-talks-military-buildup-mideast/70275619,,Trump says Iran talks were  very good  amid military buildup in the Mideast,20260208T054500Z,"https://kubrick.htvapps.com/htv-prod-media.s3.amazonaws.com/images/gettyimages-1397219664-698352f0bb0c2.jpg?crop=1xw:0.84375xh;center,top",wlwt.com,English,United States
https://www.news18.com/world/trump-presented-plan-to-kill-irans-supreme-leader-khamenei-son-in-targeted-strike-report-ws-l-9921273.html,https://www.news18.com/amp/world/trump-presented-plan-to-kill-irans-supreme-leader-khamenei-son-in-targeted-strike-report-ws-l-9921273.html,"Trump Presented Plan To Kill Iran Supreme Leader Khamenei , Son In Targeted Strike : Report | World News",20260221T083000Z,https://images.news18.com/ibnlive/uploads/2026/02/Donald-Trump-Khamenei-Threat-Iran-US-Talks-Nuclear-REUTERS-2026-02-6e4663b085d7f35dbae5a4b832fa2160-16x9.jpg,news18.com,English,India
https://www.news18.com/world/iran-warns-us-of-all-out-war-after-trump-says-armada-of-warships-headed-to-middle-east-9852942.html,https://www.news18.com/amp/world/iran-warns-us-of-all-out-war-after-trump-says-armada-of-warships-headed-to-middle-east-9852942.html,Iran Warns US Of  All - Out War  After Trump Says  Armada  Of Warships Headed To Middle East | World News,20260124T050000Z,https://images.news18.com/ibnlive/uploads/2026/01/Untitled-design-45-2026-01-51e9928422032be9dc79e7dbcc3539a5-16x9.jpg,news18.com,English,India
https://www.samaa.tv/2087343869-trump-warns-hamas-threatens-iran-after-meeting-netanyahu,,"Trump warns Hamas , threatens Iran after meeting Netanyahu",20251230T073000Z,https://www.samaa.tv/images/netanyahu-trump.jpg,samaa.tv,English,Pakistan
https://www.wmur.com/article/trump-warns-iran-against-killing-protesters/69905176,,  Locked and loaded : President Trump warns Iran against killing protesters,20260102T233000Z,"https://kubrick.htvapps.com/vidthumb/images/ap269583aa941620.jpg?crop=1xw:0.8433382137628112xh;center,top",wmur.com,English,United States
https://www.wbaltv.com/article/trump-warns-iran-against-killing-protesters/69905176,,  Locked and loaded : President Trump warns Iran against killing protesters,20260103T001500Z,"https://kubrick.htvapps.com/vidthumb/images/ap269583aa941620.jpg?crop=1xw:0.8433382137628112xh;center,top",wbaltv.com,English,United States
https://www.foxnews.com/politics/trump-says-iran-seriously-talking-us-military-ships-head-middle-east,https://www.foxnews.com/politics/trump-says-iran-seriously-talking-us-military-ships-head-middle-east.amp,President Donald Trump says Iran negotiating  seriously  with US government,20260201T094500Z,https://static.foxnews.com/foxnews.com/content/uploads/2026/02/donald-trump-speaks-to-reporters.jpg,foxnews.com,English,United States
https://www.foxnews.com/world/us-iran-nuclear-talks-wrap-geneva-high-stakes-vienna-round-looms,https://www.foxnews.com/world/us-iran-nuclear-talks-wrap-geneva-high-stakes-vienna-round-looms.amp,Iran US nuclear talks move to Vienna after  positive  Geneva round,20260226T221500Z,https://static.foxnews.com/foxnews.com/content/uploads/2026/02/steve-witkoff-geneva-talks.jpg,foxnews.com,English,United States
https://www.livemint.com/news/world/trump-says-massive-armada-going-towards-iran-but-claims-maybe-we-wont-11769131279719.html,,"Trump says  massive armada  going towards Iran , but claims  maybe we wont ... ",20260123T031500Z,https://www.livemint.com/lm-img/img/2026/01/23/600x338/Greenland-Missile-Defense-What-to-Know-2_1769132588661_1769132605659.jpg,livemint.com,English,India
https://www.yahoo.com/news/articles/fact-check-trump-post-said-231000984.html,,Fact Check : Trump post said US is  locked and loaded and ready to go  to intervene in Iran protests,20260103T000000Z,https://media.zenfs.com/en/snopes_632/3ad1fe8d448356969c010705b4ea3fe7,yahoo.com,English,United States
https://www.livemint.com/news/world/iran-protests-live-nationwide-internet-shutdown-death-toll-exiled-prince-latest-news-ayatollah-khomeini-11767942602746.html,https://www.livemint.com/news/world/iran-protests-live-nationwide-internet-shutdown-death-toll-exiled-prince-latest-news-ayatollah-khomeini/amp-11767942602746.html,"Iran protests LIVE : At least 42 killed , internet shut ; Trump warns Iranian regime could collapse",20260109T083000Z,https://www.livemint.com/lm-img/img/2026/01/09/600x338/IRAN-ECONOMY-PROTEST-SECURITY-0_1767946132510_1767946159328.jpg,livemint.com,English,India
https://www.moneycontrol.com/world/killing-khamenei-his-son-in-targeted-iran-strikes-among-military-options-presented-to-trump-report-article-13838114.html,https://www.moneycontrol.com/world/killing-khamenei-his-son-in-targeted-iran-strikes-among-military-options-presented-to-trump-report-article-13838114.html/amp,"Killing Khamenei , his son in targeted Iran strikes among military options presented to Trump : Report",20260221T074500Z,https://images.moneycontrol.com/static-mcnews/2026/02/20260221071542_trumpandkhamenei.jpg,moneycontrol.com,English,India
https://www.wcvb.com/article/brink-of-war-president-trump-demands-iran-abandon-nuclear-program-or-face-military-action/70388200,,Brink of war : President Trump demanding Iran abandon its nuclear program or face military action,20260217T144500Z,"https://kubrick.htvapps.com/vidthumb/images/iran2-699447d454ef3.jpg?crop=0.9880174291938997xw:1xh;center,top",wcvb.com,English,United States
https://article.wn.com/view/2025/12/30/President_Donald_Trump_Warns_Iran_of_Powerful_Consequences_A/,,President Donald Trump Warns Iran of  Powerful Consequence After Meeting Netanyahu in Florida,20251230T031500Z,,article.wn.com,English,United States
https://www.india.com/news/world/khamenei-issues-direct-warning-to-donald-trump-irans-supreme-leader-warns-of-regional-war-if-us-attacks-world-news-8290087/,https://www.india.com/news/world/khamenei-issues-direct-warning-to-donald-trump-irans-supreme-leader-warns-of-regional-war-if-us-attacks-world-news-8290087/amp/,Khamenei issues direct warning to Donald Trump : Iran supreme leader warns of regional war if US attacks,20260202T041500Z,https://static.india.com/wp-content/uploads/2026/02/iran-us-war.png,india.com,English,India
https://article.wn.com/view/2026/01/02/US_locked_loaded_ready_to_go_Trump_warns_Iran_against_using_/,,"US locked , loaded , ready to go : Trump warns Iran against using force on protesters",20260102T113000Z,,article.wn.com,English,United States
https://www.lbcgroup.tv/news/news-bulletin-reports/906546/israel-signals-readiness-for-strike-as-us-talks-with-iran-continue/en,,Israel signals readiness for strike as US talks with Iran continue,20260220T194500Z,https://www.lbcgroup.tv/uploadImages/DocumentImages/Doc-T-906546-639071942235279015.jpg,lbcgroup.tv,English,Lebanon
https://politicalwire.com/2026/02/11/netanyahu-meets-with-trump-again/,,Netanyahu Meets with Trump Again,20260211T143000Z,,politicalwire.com,English,United States
https://www.ynetnews.com/article/sjfa311oozl,,"Trump  curiou why Iran hasnt capitulated , Witkoff says",20260222T084500Z,https://ynet-pic1.yit.co.il/picserver6/crop_images/2026/02/02/Hy9yvt0L11l/Hy9yvt0L11l_213_120_638_360_0_large.jpg,ynetnews.com,English,Israel
https://www.hindustantimes.com/world-news/-i-got-it-done-in-rapid-order-trump-repeats-claim-of-halting-india-pakistan-war-conflict-101768000321757.html,https://www.hindustantimes.com/world-news/-i-got-it-done-in-rapid-order-trump-repeats-claim-of-halting-india-pakistan-war-conflict-101768000321757-amp.html,  I got it done in rapid order : Trump repeats claim of halting India – Pakistan conflict,20260110T013000Z,https://www.hindustantimes.com/ht-img/img/2026/01/09/550x309/TRUMP-VENEZUELA-OIL-33_1768001101214_1768001121319.jpg,hindustantimes.com,English,India
https://www.hindustantimes.com/world-news/-i-got-it-done-in-rapid-order-trump-repeats-claim-of-halting-india-pakistan-conflict-war-101768000321757.html,https://www.hindustantimes.com/world-news/-i-got-it-done-in-rapid-order-trump-repeats-claim-of-halting-india-pakistan-conflict-war-101768000321757-amp.html,  I got it done in rapid order : Trump repeats claim of halting India – Pakistan conflict war,20260110T001500Z,https://www.hindustantimes.com/ht-img/img/2026/01/09/550x309/TRUMP-VENEZUELA-OIL-33_1768001101214_1768001121319.jpg,hindustantimes.com,English,India
https://www.hindustantimes.com/world-news/i-got-it-done-in-rapid-order-trump-repeats-claim-of-halting-india-pakistan-war-101768000321757.html,https://www.hindustantimes.com/world-news/i-got-it-done-in-rapid-order-trump-repeats-claim-of-halting-india-pakistan-war-101768000321757-amp.html,  I got it done in rapid order : Trump repeats claim of halting India – Pakistan war,20260110T000000Z,https://www.hindustantimes.com/ht-img/img/2026/01/09/550x309/TRUMP-VENEZUELA-OIL-33_1768001101214_1768001121319.jpg,hindustantimes.com,English,India
https://economictimes.indiatimes.com/news/international/us/venezuela-and-iran-name-streets-after-donald-trump-explainer-on-trump-street-claims-protests-and-statements/articleshow/126446169.cms,https://m.economictimes.com/news/international/us/venezuela-and-iran-name-streets-after-donald-trump-explainer-on-trump-street-claims-protests-and-statements/amp_articleshow/126446169.cms,"trump street : Venezuela and Iran name streets after Donald Trump ? Explainer on Trump Street claims , protests and statements",20260110T021500Z,"https://img.etimg.com/thumb/msid-126446211,width-1200,height-630,imgsize-99264,overlay-economictimes/articleshow.jpg",economictimes.indiatimes.com,English,India
https://consortiumnews.com/2026/02/12/watch-will-israel-blackmail-trump-to-attack-iran/,,WATCH : Will Israel Blackmail Trump to Attack Iran ? ,20260212T190000Z,https://consortiumnews.com/wp-content/uploads/2026/02/P20250707DT-0764_President_Donald_J._Trump_Welcomes_Israeli_Prime_Minister_Benjamin_Netanyahu_to_the_White_House-1.jpeg,consortiumnews.com,English,United States
https://www.hindustantimes.com/world-news/us-news/did-iran-declare-war-on-us-what-president-masoud-pezeshkian-said-about-tensions-with-the-west-101767038769488.html,https://www.hindustantimes.com/world-news/us-news/did-iran-declare-war-on-us-what-president-masoud-pezeshkian-said-about-tensions-with-the-west-101767038769488-amp.html,Did Iran declare war on US ? What President Masoud Pezeshkian said about tensions with the West,20251229T211500Z,,hindustantimes.com,English,India
https://www.kcra.com/article/brink-of-war-president-trump-demands-iran-abandon-nuclear-program-or-face-military-action/70388200,,Brink of war : President Trump demanding Iran abandon its nuclear program or face military action,20260217T160000Z,"https://kubrick.htvapps.com/vidthumb/images/iran2-699447d454ef3.jpg?crop=0.9880174291938997xw:1xh;center,top",kcra.com,English,United States
https://www.foxnews.com/world/iran-covertly-repositions-strike-drones-amid-russia-drills-strait-hormuz-expert-says,https://www.foxnews.com/world/iran-covertly-repositions-strike-drones-amid-russia-drills-strait-hormuz-expert-says.amp,Iran moves military assets during Russia joint drills in Strait of Hormuz : expert,20260220T014500Z,https://static.foxnews.com/foxnews.com/content/uploads/2026/02/iran-russia-drills-hormuz.jpg,foxnews.com,English,United States
https://www.nbcnewyork.com/news/national-international/trump-calls-for-new-leadership-iran-nationwide-protests/6445398/,https://www.nbcnewyork.com/news/national-international/trump-calls-for-new-leadership-iran-nationwide-protests/6445398/?amp=1,Trump calls for new leadership in Iran following nationwide protests,20260118T001500Z,https://media.nbcnewyork.com/2026/01/image-9-7.jpg?quality=85&strip=all,nbcnewyork.com,English,United States
https://www.wgal.com/article/brink-of-war-president-trump-demands-iran-abandon-nuclear-program-or-face-military-action/70388200,,Brink of war : President Trump demanding Iran abandon its nuclear program or face military action,20260217T123000Z,"https://kubrick.htvapps.com/vidthumb/images/iran2-699447d454ef3.jpg?crop=0.9880174291938997xw:1xh;center,top",wgal.com,English,United States
http://www.jpost.com/middle-east/iran-news/article-884667,,Donald Trump administration open to Iran deal talks,20260127T123000Z,"https://images.jpost.com/image/upload/f_auto,fl_lossy/q_auto/c_fill,g_faces:center,h_720,w_1280/703663",jpost.com,English,Israel
https://www.india.com/news/world/be-prepared-to-intervene-amid-iran-crisis-exiled-iranian-crown-prince-reza-pahlavi-makes-urgent-appeal-to-donald-trump-will-another-nicolas-maduro-style-operation-take-place-8262527/,https://www.india.com/news/world/be-prepared-to-intervene-amid-iran-crisis-exiled-iranian-crown-prince-reza-pahlavi-makes-urgent-appeal-to-donald-trump-will-another-nicolas-maduro-style-operation-take-place-8262527/amp/,"  Be prepared to intervene ...: Amid Iran crisis , exiled Iranian Crown Prince Reza Pahlavi makes urgent appeal to Donald Trump",20260110T043000Z,https://static.india.com/wp-content/uploads/2026/01/title-2026-01-10T063022.490.jpg,india.com,English,India
https://www.wcvb.com/article/trump-iran-talks-military-buildup-mideast/70275619,,Trump says Iran talks were  very good  amid military buildup in the Mideast,20260207T161500Z,"https://kubrick.htvapps.com/htv-prod-media.s3.amazonaws.com/images/gettyimages-1397219664-698352f0bb0c2.jpg?crop=1xw:0.84375xh;center,top",wcvb.com,English,United States
https://www.middleeasteye.net/news/israels-opposition-leader-urges-iran-pay-close-attention-venezuela,,Israel opposition leader urges Iran to  pay close attention  to Venezuela,20260103T161500Z,https://www.middleeasteye.net/sites/default/files/images-story/Israeli-opposition-leader-Yair-Lapid-meets-US%20Secretary-State-Tel-Aviv-february-2024-AFP.jpg,middleeasteye.net,English,Israel
https://www.odt.co.nz/news/world/next-attack-far-worse-trump-warns-iran,,"Next attack  far worse , Trump warns Iran",20260129T060000Z,https://www.odt.co.nz/sites/default/files/styles/odt_story_opengraph_1200w/public/story/2026/01/2026-01-28t143012z_361533736_rc2vxiaf46q9_rtrmadp_3_iran-crisis-usa-trump.jpg?itok=Q7ThJNPJ,odt.co.nz,English,New Zealand
https://indianexpress.com/article/world/iran-called-to-negotiate-donald-trump-says-after-warning-over-protest-crackdown-10468470/,https://indianexpress.com/article/world/iran-called-to-negotiate-donald-trump-says-after-warning-over-protest-crackdown-10468470/lite/,  Iran called to negotiate : Donald Trump says after warning over protest crackdown | World News,20260112T054500Z,https://images.indianexpress.com/2026/01/US-3-10.jpg,indianexpress.com,English,India
https://www.wxii12.com/article/trump-bad-things-will-happen-if-iran-doesnt-give-up-nuclear-program/70428622,,Trump :  Bad things will happen  if Iran doesnt give up its nuclear program,20260220T151500Z,"https://kubrick.htvapps.com/vidthumb/images/iran-flag-00-00-00-00-still001-69983c019a84c.jpg?crop=0.9896004378762999xw:1xh;center,top",wxii12.com,English,United States
https://www.koco.com/article/trump-warns-iran-against-killing-protesters/69905176,,  Locked and loaded : President Trump warns Iran against killing protesters,20260103T014500Z,"https://kubrick.htvapps.com/vidthumb/images/ap269583aa941620.jpg?crop=1xw:0.8433382137628112xh;center,top",koco.com,English,United States
https://www.wyff4.com/article/trump-iran-talks-military-buildup-mideast/70275619,,Trump says Iran talks were  very good  amid military buildup in the Mideast,20260207T161500Z,"https://kubrick.htvapps.com/htv-prod-media.s3.amazonaws.com/images/gettyimages-1397219664-698352f0bb0c2.jpg?crop=1xw:0.84375xh;center,top",wyff4.com,English,United States
https://www.marketscreener.com/news/trump-says-us-will-act-accordingly-on-reported-iran-killings-ce7e58d8db8df421,,Trump says US will  act accordingly  on reported Iran killings,20260114T013000Z,https://www.marketscreener.com/images/twitter_MS_fdnoir.png,marketscreener.com,English,
https://legalinsurrection.com/2026/01/trump-u-s-will-hit-iran-hard-if-govt-kills-more-protesters/,https://legalinsurrection.com/2026/01/trump-u-s-will-hit-iran-hard-if-govt-kills-more-protesters/amp/,Trump : U . S . Will Hit Iran Hard if Regime Kills More Protesters,20260105T170000Z,https://legalinsurrection.com/wp-content/uploads/2026/01/Trump-Warns-Iran.jpg,legalinsurrection.com,English,United States
https://www.firstpost.com/web-show/firstpost-america/trump-targets-iran-venezuela-drone-network-with-fresh-us-sanctions-firstpost-america-vd1749252/,https://www.firstpost.com/web-show/firstpost-america/trump-targets-iran-venezuela-drone-network-with-fresh-us-sanctions-firstpost-america-vd1749252/amp/,Trump Targets Iran - Venezuela Drone Network With Fresh US Sanctions,20251231T190000Z,"https://media.nw18.com/media-assets/wbx6pq/12-2025/31-2025/Jp01QpkqIq-thumbnail1767200898384jpg-PqiLNK1f27.jpg?im=FitAndFill,width=1200,height=675",firstpost.com,English,India
https://www.koat.com/article/trump-iran-talks-military-buildup-mideast/70275619,,Trump says Iran talks were  very good  amid military buildup in the Mideast,20260207T153000Z,"https://kubrick.htvapps.com/htv-prod-media.s3.amazonaws.com/images/gettyimages-1397219664-698352f0bb0c2.jpg?crop=1xw:0.84375xh;center,top",koat.com,English,United States
https://www.kcci.com/article/trump-bad-things-will-happen-if-iran-doesnt-give-up-nuclear-program/70428622,,Trump :  Bad things will happen  if Iran doesnt give up its nuclear program,20260220T150000Z,"https://kubrick.htvapps.com/vidthumb/images/iran-flag-00-00-00-00-still001-69983c019a84c.jpg?crop=0.9896004378762999xw:1xh;center,top",kcci.com,English,United States
https://townhall.com/tipsheet/scott-mcclallen/2026/02/19/trump-gives-iran-1015-days-to-strike-nuclear-deal-or-face-unfortunate-consequences-n2671607,,Trump Gives Iran 10 – 15 Days to Strike Deal or Face  Unfortunate  Consequences,20260220T023000Z,https://media.townhall.com/cdn/hodl/2026/50/b34524e7-12d4-4557-becf-e4c961ad8d16-1200x630.jpg,townhall.com,English,United States
https://www.wmur.com/article/trump-iran-talks-military-buildup-mideast/70275619,,Trump says Iran talks were  very good  amid military buildup in the Mideast,20260207T191500Z,"https://kubrick.htvapps.com/htv-prod-media.s3.amazonaws.com/images/gettyimages-1397219664-698352f0bb0c2.jpg?crop=1xw:0.84375xh;center,top",wmur.com,English,United States
https://www.wtae.com/article/trump-iran-talks-military-buildup-mideast/70275619,,Trump says Iran talks were  very good  amid military buildup in the Mideast,20260207T151500Z,"https://kubrick.htvapps.com/htv-prod-media.s3.amazonaws.com/images/gettyimages-1397219664-698352f0bb0c2.jpg?crop=1xw:0.84375xh;center,top",wtae.com,English,United States
https://www.wesh.com/article/trump-iran-talks-military-buildup-mideast/70275619,,Trump says Iran talks were  very good  amid military buildup in the Mideast,20260207T180000Z,"https://kubrick.htvapps.com/htv-prod-media.s3.amazonaws.com/images/gettyimages-1397219664-698352f0bb0c2.jpg?crop=1xw:0.84375xh;center,top",wesh.com,English,United States
https://www.deccanchronicle.com/world/middle-east/irans-judiciary-signals-fast-trials-and-executions-for-detained-protesters-despite-trumps-warning-1930418,https://www.deccanchronicle.com/amp/world/middle-east/irans-judiciary-signals-fast-trials-and-executions-for-detained-protesters-despite-trumps-warning-1930418,Iran Judiciary Signals Fast Trials and Executions Despite US Warning,20260114T094500Z,https://www.deccanchronicle.com/h-upload/2026/01/14/1999896-iran-protest.jpg,deccanchronicle.com,English,India
https://www.indiatvnews.com/news/world/trump-announces-25-per-cent-tariffs-on-countries-doing-business-with-iran-to-pressure-tehran-india-china-russia-latest-updates-2026-01-13-1025597,https://www.indiatvnews.com/amp/news/world/trump-announces-25-per-cent-tariffs-on-countries-doing-business-with-iran-to-pressure-tehran-india-china-russia-latest-updates-2026-01-13-1025597,Trump announces 25 % tariffs on countries doing business with Iran to put pressure on Tehran,20260113T020000Z,https://resize.indiatvnews.com/en/resize/newbucket/1200_-/2026/01/d-trump-1768264573.jpg,indiatvnews.com,English,India
https://www.yahoo.com/news/articles/trump-calls-leadership-iran-following-202852836.html,,Trump calls for new leadership in Iran following nationwide protests,20260118T000000Z,https://s.yimg.com/ny/api/res/1.2/x21DeEZCa.BvbKfD_buBWw--/YXBwaWQ9aGlnaGxhbmRlcjt3PTEyMDA7aD04MDA7Y2Y9d2VicA--/https://media.zenfs.com/en/nbc_news_122/f5eff1b1eece4476f9d4170fdce583f2,yahoo.com,English,United States
https://www.hindustantimes.com/world-news/us-news/us-to-strike-iran-what-to-know-as-military-reportedly-readies-for-weeks-long-operations-101771029868217.html,https://www.hindustantimes.com/world-news/us-news/us-to-strike-iran-what-to-know-as-military-reportedly-readies-for-weeks-long-operations-101771029868217-amp.html,US to strike Iran ? What to know as military reportedly readies for weeks - long operations,20260214T024500Z,https://www.hindustantimes.com/ht-img/img/2026/02/14/550x309/US-PRESIDENT-TRUMP-AND-FIRST-_1771032839174_1771032839305.jpg,hindustantimes.com,English,India
https://dailycaller.com/2025/12/29/donald-trump-benjamin-netanyahu-strike-iran-again-nuclear-program-military-buildup/,,Trump Suggests Hell Strike Iran Again If Military Buildup Continues,20251229T214500Z,"https://images.dailycaller.com/image/width=1280,height=549,fit=cover,format=webp,f=auto/https://cdn01.dailycaller.com/wp-content/uploads/2025/12/GettyImages-2253969564-scaled-e1767043170631.jpg",dailycaller.com,English,United States
https://www.kcra.com/article/trump-iran-talks-military-buildup-mideast/70275619,,Trump says Iran talks were  very good  amid military buildup in the Mideast,20260207T164500Z,"https://kubrick.htvapps.com/htv-prod-media.s3.amazonaws.com/images/gettyimages-1397219664-698352f0bb0c2.jpg?crop=1xw:0.84375xh;center,top",kcra.com,English,United States
https://www.internazionale.it/ultime-notizie-reuters/2026/02/14/son-of-iran-s-last-shah-urges-us-military-intervention-in-iran,,Son of Iran last shah urges US military intervention in Iran,20260214T171500Z,,internazionale.it,English,Italy
https://www.naturalnews.com/2026-02-21-trump-10-day-ultimatum-iran-agree-deal.html,,Trump issues 10 - day ULTIMATUM for Iran : Agree to a deal or face military strikes – NaturalNews . com,20260221T150000Z,https://www.naturalnews.com/wp-content/uploads/sites/91/2026/02/Iran-America-Missle-Conflict-War.jpg,naturalnews.com,English,United States
https://tribune.com.pk/story/2585112/trump-warns-us-will-intervene-if-iran-kills-peaceful-protesters,,Trump says US will intervene if Iran kills peaceful protesters,20260102T140000Z,https://i.tribune.com.pk/media/images/untitled-design-241765899902-0/untitled-design-241765899902-0-640x480.webp,tribune.com.pk,English,Pakistan
https://www.wgal.com/article/trump-iran-talks-military-buildup-mideast/70275619,,Trump says Iran talks were  very good  amid military buildup in the Mideast,20260207T164500Z,"https://kubrick.htvapps.com/htv-prod-media.s3.amazonaws.com/images/gettyimages-1397219664-698352f0bb0c2.jpg?crop=1xw:0.84375xh;center,top",wgal.com,English,United States
https://www.marketscreener.com/news/hegseth-says-pentagon-prepared-to-deliver-what-trump-expects-on-iran-ce7e5bdfdc89f226,,Hegseth says Pentagon prepared to deliver what Trump expects on Iran,20260129T200000Z,https://www.marketscreener.com/images/twitter_MS_fdblanc.png,marketscreener.com,English,
https://www.israelnationalnews.com/news/422775,,Witkoff : Trump  curiou why Iran hasnt capitulated,20260222T074500Z,https://2.a7.org/files/pictures/000/1208066.jpg,israelnationalnews.com,English,Israel
https://abc6onyourside.com/news/nation-world/iran-pushes-back-on-trump-increasing-pressure-before-scheduled-geneva-talks-protesters-state-of-the-union,,Iran pushes back on Trump increasing pressure before scheduled Geneva talks,20260225T223000Z,https://abc6onyourside.com/resources/media2/16x9/6720/1320/0x350/90/994c1f91-a02f-4cf9-9207-6e56b79a049b-GettyImages2260514608.jpg,abc6onyourside.com,English,United States
https://www.nbcdfw.com/news/politics/president-trump/trump-calls-for-new-leadership-iran-nationwide-protests/3969824/,https://www.nbcdfw.com/news/politics/president-trump/trump-calls-for-new-leadership-iran-nationwide-protests/3969824/?amp=1,Trump calls for new leadership in Iran following nationwide protests,20260118T003000Z,https://media.nbcdfw.com/2026/01/image-9-7.jpg?quality=85&strip=all,nbcdfw.com,English,United States
https://www.foxnews.com/media/trump-says-u-s-take-very-strong-action-against-iran-regime-starts-hanging-protesters,https://www.foxnews.com/media/trump-says-u-s-take-very-strong-action-against-iran-regime-starts-hanging-protesters.amp,Trump says hell take  very strong action  against Iran if protesters are hanged,20260113T230000Z,https://static.foxnews.com/foxnews.com/content/uploads/2026/01/donald-trump-ford-plant.jpg,foxnews.com,English,United States
https://www.nbcwashington.com/news/national-international/trump-calls-for-new-leadership-iran-nationwide-protests/4044223/,https://www.nbcwashington.com/news/national-international/trump-calls-for-new-leadership-iran-nationwide-protests/4044223/?amp=1,Trump calls for new leadership in Iran following nationwide protests,20260118T033000Z,https://media.nbcwashington.com/2026/01/image-9-7.jpg?quality=85&strip=all,nbcwashington.com,English,United States
https://www.hindustantimes.com/world-news/whole-country-going-to-get-blown-up-trump-warning-to-warning-to-iran-ayatollah-khamenei-amid-unrest-wipe-them-off-earth-101768966856684.html,https://www.hindustantimes.com/world-news/whole-country-going-to-get-blown-up-trump-warning-to-warning-to-iran-ayatollah-khamenei-amid-unrest-wipe-them-off-earth-101768966856684-amp.html,  Whole country going to get blown up : Trump responds to Iran warning amid unrest,20260121T050000Z,https://www.hindustantimes.com/ht-img/img/2026/01/21/550x309/US-POLITICS-TRUMP-WEF-0_1768967213596_1768967230328.jpg,hindustantimes.com,English,India
https://www.tmz.com/2026/03/13/donald-trump-threatens-iran-deranged-scumbags/,,"Trump Threatens Iran , Says  Watch What Happens To These Deranged Scumbags Today  ",20260313T141500Z,https://imagez.tmz.com/image/e9/16by9/2026/03/13/e9f852adcd2347e8998ace0089893516_xl.jpg,tmz.com,English,United States
https://www.nbclosangeles.com/news/politics/president-trump/trump-calls-for-new-leadership-iran-nationwide-protests/3833071/,https://www.nbclosangeles.com/news/politics/president-trump/trump-calls-for-new-leadership-iran-nationwide-protests/3833071/?amp=1,Trump calls for new leadership in Iran following nationwide protests,20260118T001500Z,https://media.nbclosangeles.com/2026/01/image-9-7.jpg?quality=85&strip=all,nbclosangeles.com,English,United States
https://www.theage.com.au/world/trump-threatens-major-attack-on-iran-20260129-p5nxun.html,,Trump threatens major attack on Iran,20260128T200000Z,https://static.ffx.io/images/w_800%2Ch_450%2Cc_fill%2Cg_auto:faces/q_86%2Cf_auto/eea31f185fa314251af4c92a6c9626730bf6a6fc,theage.com.au,English,Australia
https://www.firstpost.com/explainers/is-trump-making-the-iranian-regime-nervous-after-the-venezuela-strike-13966517.html,https://www.firstpost.com/explainers/is-trump-making-the-iranian-regime-nervous-after-the-venezuela-strike-13966517.html/amp,"After Venezuela , is Iran next ? Why Tehran should be worried about US intervention – Firstpost",20260107T153000Z,"https://images.firstpost.com/uploads/2025/07/Untitled-design-2025-07-28T163233.639-2025-07-6992d3ed02a305f8c6a05654e229f948.jpg?im=FitAndFill=(1200,675)",firstpost.com,English,India
https://www.nbcsandiego.com/news/politics/president-trump/trump-calls-for-new-leadership-iran-nationwide-protests/3962905/,https://www.nbcsandiego.com/news/politics/president-trump/trump-calls-for-new-leadership-iran-nationwide-protests/3962905/?amp=1,Trump calls for new leadership in Iran following nationwide protests,20260118T004500Z,https://media.nbcsandiego.com/2026/01/image-9-7.jpg?quality=85&strip=all,nbcsandiego.com,English,United States
https://www.bostonglobe.com/2026/02/08/world/netanyahu-to-meet-trump-on-feb-11-as-iran-talks-set-to-continue/,,Netanyahu to meet Trump on Feb . 11 as Iran talks set to continue,20260208T101500Z,https://bostonglobe-prod.cdn.arcpublishing.com/resizer/v2/VAC3RFYJVCSDQ2TPCI73NBZ4XQ.jpg?auth=cd85a8ade48173375f8eb881c0b219e49dc4363db98069f7359d320dcbad8a7c,bostonglobe.com,English,United States
https://turnto10.com/news/nation-world/iran-pushes-back-on-trump-increasing-pressure-before-scheduled-geneva-talks-protesters-state-of-the-union,,Iran pushes back on Trump increasing pressure before scheduled Geneva talks,20260225T224500Z,https://turnto10.com/resources/media2/16x9/6720/1320/0x350/90/994c1f91-a02f-4cf9-9207-6e56b79a049b-GettyImages2260514608.jpg,turnto10.com,English,United States
https://www.wdsu.com/article/trump-warns-iran-against-killing-protesters/69905176,,  Locked and loaded : President Trump warns Iran against killing protesters,20260102T233000Z,"https://kubrick.htvapps.com/vidthumb/images/ap269583aa941620.jpg?crop=1xw:0.8433382137628112xh;center,top",wdsu.com,English,United States
https://www.channelstv.com/2026/02/25/iran-rejects-us-claims-on-missile-programme-as-big-lies/,https://www.channelstv.com/2026/02/25/iran-rejects-us-claims-on-missile-programme-as-big-lies/amp/,Iran Rejects US Claims On Missile Programme As  Big Lies  ,20260225T103000Z,https://www.channelstv.com/wp-content/uploads/2026/02/Iran.jpg,channelstv.com,English,Nigeria
https://www.nbcbayarea.com/news/politics/president-trump/trump-calls-for-new-leadership-iran-nationwide-protests/4016000/,https://www.nbcbayarea.com/news/politics/president-trump/trump-calls-for-new-leadership-iran-nationwide-protests/4016000/?amp=1,Trump calls for new leadership in Iran following nationwide protests,20260118T014500Z,https://media.nbcbayarea.com/2026/01/image-9-7.jpg?quality=85&strip=all,nbcbayarea.com,English,United States
https://www.nbcchicago.com/news/politics/president-trump/trump-calls-for-new-leadership-iran-nationwide-protests/3877666/,https://www.nbcchicago.com/news/politics/president-trump/trump-calls-for-new-leadership-iran-nationwide-protests/3877666/?amp=1,Trump calls for new leadership in Iran following nationwide protests,20260118T014500Z,https://media.nbcchicago.com/2026/01/image-9-7.jpg?quality=85&strip=all,nbcchicago.com,English,United States
https://www.nbcconnecticut.com/news/politics/president-trump/trump-calls-for-new-leadership-iran-nationwide-protests/3688532/,https://www.nbcconnecticut.com/news/politics/president-trump/trump-calls-for-new-leadership-iran-nationwide-protests/3688532/?amp=1,Trump calls for new leadership in Iran following nationwide protests,20260118T031500Z,https://media.nbcconnecticut.com/2026/01/image-9-7.jpg?quality=85&strip=all,nbcconnecticut.com,English,United States
https://www.news18.com/world/iran-wants-deal-very-badly-trump-on-nuclear-talks-with-tehran-after-meeting-with-fm-araghchi-9887635.html,https://www.news18.com/amp/world/iran-wants-deal-very-badly-trump-on-nuclear-talks-with-tehran-after-meeting-with-fm-araghchi-9887635.html,  Iran Wants Deal Very Badly : Trump On Nuclear Talks With Tehran After Meeting With FM Araghchi | World News,20260208T030000Z,https://images.news18.com/ibnlive/uploads/2026/01/Untitled-design-45-2026-01-51e9928422032be9dc79e7dbcc3539a5-16x9.jpg,news18.com,English,India
https://www.khaama.com/trump-considering-major-military-strike-on-iran-cnn-reports/,https://www.khaama.com/trump-considering-major-military-strike-on-iran-cnn-reports/?amp=1,"Trump Considering Major Military Strike on Iran , CNN Reports",20260129T100000Z,https://www.khaama.com/wp-content/uploads/2026/01/Trump1-1.png,khaama.com,English,Afghanistan
https://www.nbcphiladelphia.com/news/politics/president-trump/trump-calls-for-new-leadership-iran-nationwide-protests/4334955/,https://www.nbcphiladelphia.com/news/politics/president-trump/trump-calls-for-new-leadership-iran-nationwide-protests/4334955/?amp=1,Trump calls for new leadership in Iran following nationwide protests,20260118T040000Z,https://media.nbcphiladelphia.com/2026/01/image-9-7.jpg?quality=85&strip=all,nbcphiladelphia.com,English,United States
https://www.aol.co.uk/articles/does-us-want-iran-tracking-043458999.html,,What does the US want from Iran ? Tracking one month of Trump changing demands,20260129T051500Z,https://s.yimg.com/cv/apiv2/aolfp/images/og-image.png,aol.co.uk,English,United Kingdom
https://www.brisbanetimes.com.au/world/trump-threatens-major-attack-on-iran-20260129-p5nxun.html,,Trump threatens major attack on Iran,20260128T200000Z,https://static.ffx.io/images/w_800%2Ch_450%2Cc_fill%2Cg_auto:faces/q_86%2Cf_auto/eea31f185fa314251af4c92a6c9626730bf6a6fc,brisbanetimes.com.au,English,Australia
https://crooksandliars.com/2026/01/lindsey-grahams-brain-deteriorating-trumps,https://crooksandliars.com/2026/01/lindsey-grahams-brain-deteriorating-trumps/amp,Lindsey Graham Brain Is Deteriorating Just Like Trump ,20260129T034500Z,https://crooksandliars.com/files/mediaposters/2026/01/58460.jpg,crooksandliars.com,English,United States
http://europe.chinadaily.com.cn/a/202602/07/WS69868fa6a310d6866eb3801b.html,,Trump says talks with Iran to continue next week,20260208T064500Z,http://img2.chinadaily.com.cn/images/202602/07/6986a037a310d68600f78deb.jpeg,europe.chinadaily.com.cn,English,China
http://africa.chinadaily.com.cn/a/202602/07/WS69868fa6a310d6866eb3801b.html,,Trump says talks with Iran to continue next week,20260208T063000Z,http://img2.chinadaily.com.cn/images/202602/07/6986a037a310d68600f78deb.jpeg,africa.chinadaily.com.cn,English,China
https://dunyanews.tv/en/World/935478-son-of-irans-last-shah-urges-us-military-intervention-in-iran,https://dunyanews.tv/amp/english/935478.php,Son of Iran last shah urges US military intervention in Iran,20260215T060000Z,https://img.dunyanews.tv/news/2026/February/02-15-26/news_big_images/935478_51266234.jpg,dunyanews.tv,English,Pakistan
https://article.wn.com/view/2026/01/21/Trump_says_Iran_would_be_wiped_off_the_face_of_the_Earth_if_/,,Trump says Iran would be  wiped off the face of the Earth  if he assassinated,20260121T023000Z,,article.wn.com,English,United States
https://english.aawsat.com/world/5235950-irans-supreme-leader-warns-any-us-attack-would-spark-regional-war,https://english.aawsat.com/world/5235950-irans-supreme-leader-warns-any-us-attack-would-spark-regional-war?amp,Iran Supreme Leader Warns any US Attack Would Spark  Regional War  ,20260201T123000Z,https://static.srpcdigital.com/styles/1200x600/public/2026-02/1367139_0.jpeg.webp,english.aawsat.com,English,Syria
https://www.express.co.uk/showbiz/tv-radio/2164039/good-morning-britains-richard-madeley,https://www.express.co.uk/showbiz/tv-radio/2164039/good-morning-britains-richard-madeley/amp,Labour minister skewered on GMB as he wont answer easy Trump question | TV & Radio | Showbiz & TV,20260129T110000Z,https://cdn.images.express.co.uk/img/dynamic/20/1200x630/6706540.jpg,express.co.uk,English,United Kingdom
https://www.lbcgroup.tv/news/world-news/917404/russia-calls-for-political-and-diplomatic-settlement-after-trumps-iran/en,,Russia calls for political and diplomatic settlement after Trumps Iran ultimatum,20260324T070000Z,https://www.lbcgroup.tv/uploadImages/DocumentImages/Doc-T-917404-639098562812376697.jpg,lbcgroup.tv,English,Lebanon
https://www.aa.com.tr/en/americas/trump-says-regime-change-in-iran-would-be-the-best-thing-that-could-happen/3829685,,Trump says regime change in Iran  would be the best thing that could happen  ,20260214T011500Z,https://cdnuploads.aa.com.tr/uploads/Contents/2026/02/14/thumbs_b_c_e96fd6023270c7e92975f3ac5e0552a9.jpg?v=010346,aa.com.tr,English,Turkey
https://www.asiaone.com/world/son-irans-last-shah-urges-us-military-intervention-iran,,Son of Iran last shah urges US military intervention in Iran,20260215T021500Z,https://www.asiaone.com/sites/default/files/styles/article_top_image/public/original_images/Feb2026/Reza%20Pahlavi.jpg?itok=aTMZfBko,asiaone.com,English,Singapore
https://article.wn.com/view/2026/01/30/Donald_Trump_Warns_Iran_As_Warships_Advance_No_Nuclear_And_S/,,Donald Trump Warns Iran As Warships Advance :  No Nuclear And Stop Killing Protesters  ,20260130T043000Z,,article.wn.com,English,United States
https://www.benzinga.com/news/politics/26/01/50186850/trump-warns-iran-as-massive-armada-heads-toward-region-come-to-the-table,,Trump Warns Iran As  Massive Armada  Heads Toward Region :  Come To The Table ... ,20260128T140000Z,https://cdn.benzinga.com/files/images/story/2026/01/28/Washington-D-c---Usa---April-7--2025-Uni_0.jpeg?&fit=crop,benzinga.com,English,United States
https://www.kmbc.com/article/trump-iran-talks-military-buildup-mideast/70275619,,Trump says Iran talks were  very good  amid military buildup in the Mideast,20260207T191500Z,"https://kubrick.htvapps.com/htv-prod-media.s3.amazonaws.com/images/gettyimages-1397219664-698352f0bb0c2.jpg?crop=1xw:0.84375xh;center,top",kmbc.com,English,United States
https://www.trend.az/iran/nuclearp/4135914.html,,Iranian spokesman paints nation demand before IAEA,20251229T093000Z,https://www.trend.az/media/2025/09/17/iran_mfa_spokesman170925.jpg,trend.az,English,Azerbaijan
https://www.lbc.co.uk/article/trump-iran-capitulated-steve-witkoff-5HjdSfw_2/,,"Trump  confused about why Iran hasnt capitulated  over US military build - up , envoy Steve Witkoff says",20260222T203000Z,https://images.globalplayer.com/images/794532?crop=16_9&signature=uo2gr0M7aLb0wyTVBFn7IFEVjuc=,lbc.co.uk,English,United Kingdom
https://www.theblaze.com/news/iran-strike-looms-as-trump-hosts-board-of-peace,,Iran strike looms as Trump hosts Board of Peace,20260219T193000Z,https://www.theblaze.com/media-library/iran-strike-looms-as-trump-hosts-board-of-peace.jpg?id=64962846&coordinates=0%2C85%2C0%2C86,theblaze.com,English,United States
https://www.globalsecurity.org/wmd/library/news/iran/2026/02/iran-260207-pdo03.htm,,Trump says more talks on Iran next week,20260207T111500Z,,globalsecurity.org,English,Syria
https://www.breitbart.com/middle-east/2026/02/23/scared-yet-iran-promises-to-respond-ferociously-if-u-s-dares-to-attack/,https://www.breitbart.com/middle-east/2026/02/23/scared-yet-iran-promises-to-respond-ferociously-if-u-s-dares-to-attack/amp/,Scared Yet ? Iran Promises to Respond  Ferociously  If U . S . Dares to Attack,20260223T141500Z,https://media.breitbart.com/media/2026/02/iran-warns-US.jpg,breitbart.com,English,United States
https://www.koco.com/article/president-trump-issues-more-sanctions-iran-nuclear-talks/70510993,,Trump issues more sanctions on Iran ahead of nuclear talks,20260226T153000Z,"https://kubrick.htvapps.com/vidthumb/ce6a39ee-119f-4e2c-8a2b-2956ba205775/thumb_1920x1080.0000001.jpg?crop=1xw:1xh;center,top",koco.com,English,United States
https://www.rawstory.com/trump-iran-2674872146/,https://www.rawstory.com/amp/trump-iran-2674872146-2674872146,MAGA allies ready to pounce on new regime change target after surprise  signal  by Trump,20260110T224500Z,https://www.rawstory.com/media-library/lindsey-graham-with-trump.jpg?id=30126186&coordinates=0%2C25%2C0%2C25,rawstory.com,English,United States
https://www.benzinga.com/news/politics/26/01/49805995/trump-warns-iran-will-pay-hell-over-protester-deaths-downplays-reza-pahlavis-role-in-potential-transition,,"Trump Warns Iran Will  Pay Hell  Over Protester Deaths , Downplays Reza Pahlavi Role In Potential Transition",20260109T091500Z,https://cdn.benzinga.com/files/images/story/2026/01/09/Us-President-Donald-Trump-And-Iranian-Su.jpeg?&fit=crop,benzinga.com,English,United States
https://www.firstpost.com/world/we-will-do-whatever-is-expected-from-us-hegseth-warns-of-possible-military-action-in-iran-13974024.html,https://www.firstpost.com/world/we-will-do-whatever-is-expected-from-us-hegseth-warns-of-possible-military-action-in-iran-13974024.html/amp,  We will do whatever is expected from u : Hegseth warns of possible military action in Iran,20260130T031500Z,"https://images.firstpost.com/uploads/2025/12/Pete-Hegseth-Oct-28-2025-Reuters-2025-12-851b1908c526456b39721c01fcf4b6d0.jpg?im=FitAndFill=(1200,675)",firstpost.com,English,India
https://www.democracynow.org/2025/12/30/headlines/trump_expresses_support_for_israel_s_threats_to_strike_iran,,Trump Expresses Support for Israel Threats to Strike Iran,20251230T170000Z,https://www.democracynow.org/images/headlines/84/80384/full_hd/hd2-Trump-Netanyahu.jpg,democracynow.org,English,United States
https://news.antiwar.com/2026/02/19/president-trump-threatens-war-with-iran-at-his-first-board-of-peace-meeting/,,President Trump Threatens War With Iran at His First  Board of Peace  Meeting,20260219T184500Z,https://news.antiwar.com/wp-content/uploads/2026/02/2026-02-19T145630Z_1157216346_RC21PJAVT8F7_RTRMADP_3_ISRAEL-PALESTINIANS-GAZA-TRUMP-BOARD-scaled.jpg,news.antiwar.com,English,United States
https://www.hurriyetdailynews.com/pentagon-preparing-2nd-aircraft-carrier-to-deploy-to-mideast-report-218880,https://www.hurriyetdailynews.com/amp/pentagon-preparing-2nd-aircraft-carrier-to-deploy-to-mideast-report-218880,Pentagon preparing 2nd aircraft carrier to deploy to Mideast : Report,20260212T161500Z,,hurriyetdailynews.com,English,Turkey
https://dunyanews.tv/en/Business/933016-oil-prices-fall-by-3-on-usiran-deescalation,https://dunyanews.tv/amp/english/933016.php,Oil prices fall by 3 % on US - Iran de - escalation,20260202T101500Z,https://img.dunyanews.tv/news/2026/February/02-02-26/news_big_images/933016_93122137.jpg,dunyanews.tv,English,Pakistan
https://www.benzinga.com/news/politics/26/01/49679623/marjorie-taylor-greene-slams-trumps-iran-warning-as-protests-turn-deadly-everything-we-voted-against,,Marjorie Taylor Greene Slams Trump Iran Warning As Protests Turn Deadly :  Everything We Voted Against ... ,20260103T033000Z,https://cdn.benzinga.com/files/images/story/2026/01/02/National-Harbor--Md-Us---Mar-3--2023-Us-.jpeg?&fit=crop,benzinga.com,English,United States
https://www.hindustantimes.com/world-news/iran-us-tensions-live-updates-strike-military-deployment-trump-ayatollah-ali-khamenei-negotiations-nuclear-deal-101771554365619.html,https://www.hindustantimes.com/world-news/iran-us-tensions-live-updates-strike-military-deployment-trump-ayatollah-ali-khamenei-negotiations-nuclear-deal-101771554365619-amp.html,Iran - US tensions LIVE : Trump sets deadline for Iran to reach deal ; Tehran warns US bases will be  target if attacked,20260220T043000Z,https://www.hindustantimes.com/ht-img/img/2026/02/20/550x309/US_Iran_tensions_1771557063899_1771557091778.jpg,hindustantimes.com,English,India
https://www.koat.com/article/trump-iran-trade-partners-tariffs/69980484,,President Trump : Iran trade partners will face 25 % tariffs from US as he looks to pressure Tehran,20260113T023000Z,"https://kubrick.htvapps.com/htv-prod-media.s3.amazonaws.com/images/gettyimages-2255276459-696570b2ecd93.jpg?crop=1.00xw:0.754xh;0,0",koat.com,English,United States
https://en.dailypakistan.com.pk/19-Jan-2026/any-attack-on-khamenei-will-be-treated-as-war-against-iran-warns-president,,"  Any Attack on Khamenei will be treated as War against Iran , warns President",20260119T110000Z,https://en.dailypakistan.com.pk/wp-content/uploads/2026/01/any-attack-on-khamenei-will-be-treated-as-war-against-iran-warns-president-news-310410.jpg,en.dailypakistan.com.pk,English,Pakistan
https://www.wxii12.com/article/trump-iran-trade-partners-tariffs/69980484,,President Trump : Iran trade partners will face 25 % tariffs from US as he looks to pressure Tehran,20260113T014500Z,"https://kubrick.htvapps.com/htv-prod-media.s3.amazonaws.com/images/gettyimages-2255276459-696570b2ecd93.jpg?crop=1.00xw:0.754xh;0,0",wxii12.com,English,United States
https://upnorthlive.com/news/nation-world/iran-pushes-back-on-trump-increasing-pressure-before-scheduled-geneva-talks-protesters-state-of-the-union,,Iran pushes back on Trump increasing pressure before scheduled Geneva talks,20260225T230000Z,https://upnorthlive.com/resources/media2/16x9/6720/1320/0x350/90/994c1f91-a02f-4cf9-9207-6e56b79a049b-GettyImages2260514608.jpg,upnorthlive.com,English,United States
https://www.wmur.com/article/trump-iran-trade-partners-tariffs/69980484,,President Trump : Iran trade partners will face 25 % tariffs from US as he looks to pressure Tehran,20260113T020000Z,"https://kubrick.htvapps.com/htv-prod-media.s3.amazonaws.com/images/gettyimages-2255276459-696570b2ecd93.jpg?crop=1.00xw:0.754xh;0,0",wmur.com,English,United States
https://www.hurriyetdailynews.com/trump-warns-iran-of-very-traumatic-outcome-if-no-nuclear-deal-218900,https://www.hurriyetdailynews.com/amp/trump-warns-iran-of-very-traumatic-outcome-if-no-nuclear-deal-218900,Trump warns Iran of  very traumatic  outcome if no nuclear deal,20260213T070000Z,,hurriyetdailynews.com,English,Turkey
https://www.channelnewsasia.com/world/trump-iran-nuclear-deal-netanyahu-us-5927776,,Trump warns Iran of  very traumatic  outcome if no nuclear deal,20260212T214500Z,"https://dam.mediacorp.sg/image/upload/s--zMAdJ0zD--/c_crop,h_562,w_1000,x_0,y_7/c_fill,g_auto,h_338,w_600/fl_relative,g_south_east,l_one-cms:core:watermark:ap_data-1,w_0.1/f_auto,q_auto/v1/one-cms/core/Trump_Climate_32156.jpg?itok=-_Lf2ndp",channelnewsasia.com,English,United States
https://www.wmtw.com/article/brink-of-war-president-trump-demands-iran-abandon-nuclear-program-or-face-military-action/70388200,,Brink of war : President Trump demanding Iran abandon its nuclear program or face military action,20260217T163000Z,"https://kubrick.htvapps.com/vidthumb/images/iran2-699447d454ef3.jpg?crop=0.9880174291938997xw:1xh;center,top",wmtw.com,English,United States
https://www.foxnews.com/world/iranian-hospitals-overwhelmed-injuries-protests-rage-across-islamic-republic,https://www.foxnews.com/world/iranian-hospitals-overwhelmed-injuries-protests-rage-across-islamic-republic.amp,"Iran hospitals overwhelmed as deadly protests rage , 72 people killed : report",20260110T203000Z,https://static.foxnews.com/foxnews.com/content/uploads/2026/01/iran-protests-burning-vehicle.jpg,foxnews.com,English,United States
https://www.wtae.com/article/trump-iran-trade-partners-tariffs/69980484,,President Trump : Iran trade partners will face 25 % tariffs from US as he looks to pressure Tehran,20260113T030000Z,"https://kubrick.htvapps.com/htv-prod-media.s3.amazonaws.com/images/gettyimages-2255276459-696570b2ecd93.jpg?crop=1.00xw:0.754xh;0,0",wtae.com,English,United States
https://www.wbaltv.com/article/trump-iran-trade-partners-tariffs/69980484,,President Trump : Iran trade partners will face 25 % tariffs from US as he looks to pressure Tehran,20260113T020000Z,"https://kubrick.htvapps.com/htv-prod-media.s3.amazonaws.com/images/gettyimages-2255276459-696570b2ecd93.jpg?crop=1.00xw:0.754xh;0,0",wbaltv.com,English,United States
https://www.capitalfm.co.ke/news/2026/02/iran-fortifies-underground-complex-near-nuclear-site-satellite-images-show/,,"Iran fortifies underground complex near nuclear site , satellite images show",20260213T031500Z,https://www.capitalfm.co.ke/news/files/2024/10/iran-map-1024x576.jpeg,capitalfm.co.ke,English,Kenya
https://timesofindia.indiatimes.com/world/middle-east/well-set-fire-to-their-world-irans-big-threat-to-trump-warns-against-aggression-towards-khamenei/articleshow/126910668.cms,https://timesofindia.indiatimes.com/world/middle-east/well-set-fire-to-their-world-irans-big-threat-to-trump-warns-against-aggression-towards-khamenei/amp_articleshow/126910668.cms,  Well set fire to their world : Iran big threat to Trump ; warns against aggression towards Khamenei,20260121T071500Z,"https://static.toiimg.com/thumb/msid-126910894,width-1280,height-720,imgsize-818381,resizemode-6,overlay-toi_sw,pt-32,y_pad-600/photo.jpg",timesofindia.indiatimes.com,English,India
https://www.wesh.com/article/trump-iran-trade-partners-tariffs/69980484,,President Trump : Iran trade partners will face 25 % tariffs from US as he looks to pressure Tehran,20260112T234500Z,"https://kubrick.htvapps.com/htv-prod-media.s3.amazonaws.com/images/gettyimages-2255276459-696570b2ecd93.jpg?crop=1.00xw:0.754xh;0,0",wesh.com,English,United States
https://www.news18.com/world/irans-irgc-responds-to-trump-says-it-will-be-the-one-who-will-determine-the-end-of-war-9951631.html,https://www.news18.com/amp/world/irans-irgc-responds-to-trump-says-it-will-be-the-one-who-will-determine-the-end-of-war-9951631.html,"Iran IRGC Responds To Trump , Says It Will Be The One Who Will  Determine The End Of War  ",20260310T020000Z,https://images.news18.com/ibnlive/uploads/2026/03/FotoJet-2026-03-10T062748.582-2026-03-3be372b98075f5bca67ebdfda25811fa-1200x675.jpg,news18.com,English,India
https://www.rawstory.com/rubio-iran/,https://www.rawstory.com/amp/rubio-iran-2675328569,  Im very concerned : Marco Rubio triggers alarms of  war  from intel lawmakers,20260225T030000Z,https://www.rawstory.com/media-library/secretary-of-state-marco-rubio-listens-as-u-s-president-donald-trump-not-pictured-speaks-at-the-inaugural-board-of-peace-meeti.jpg?id=65007614&coordinates=0%2C166%2C0%2C167,rawstory.com,English,United States
https://article.wn.com/view/2026/01/08/We_will_hit_them_very_hard_Trump_threatens_Iran_if_protester/,,We will hit them very hard : Trump threatens Iran if protesters are killed,20260108T210000Z,,article.wn.com,English,United States
https://www.wcvb.com/article/iran-threat-us-military-bases-protest/69966391,,Iran says American military bases would be  legitimate target if U . S . launches strikes,20260111T180000Z,"https://kubrick.htvapps.com/htv-prod-media.s3.amazonaws.com/images/gettyimages-2254948954-69625cfdcfb70.jpg?crop=1xw:0.75xh;center,top",wcvb.com,English,United States
https://article.wn.com/view/2026/01/10/Khamenei_vs_Trump_News_Iran_Blames_US_For_Protests_This_Is_a/,,Khamenei vs Trump News : Iran Blames US For Protests ;  This Is an Economic Protest  ,20260110T070000Z,,article.wn.com,English,United States
https://www.kcra.com/article/trump-iran-trade-partners-tariffs/69980484,,President Trump : Iran trade partners will face 25 % tariffs from US as he looks to pressure Tehran,20260113T010000Z,"https://kubrick.htvapps.com/htv-prod-media.s3.amazonaws.com/images/gettyimages-2255276459-696570b2ecd93.jpg?crop=1.00xw:0.754xh;0,0",kcra.com,English,United States
https://www.israelnationalnews.com/flashes/676715,,Trump on Iran : Theyd better negotiate a fair deal | Israel National News,20260220T203000Z,https://2.a7.org/files/pictures/000/1075218.jpg,israelnationalnews.com,English,Israel
https://www.snopes.com/fact-check/trump-locked-loaded-iran-protests/,,Trump post said US is  locked and loaded and ready to go  to intervene in Iran protests,20260102T233000Z,https://mediaproxy.snopes.com/width/1200/https://media.snopes.com/2026/01/trump.jpg,snopes.com,English,United States
https://article.wn.com/view/2026/01/10/Trump_Warns_Iran_We_Will_Get_Involved_And_Hit_Very_Hard_If_P/,,Trump Warns Iran :  We Will Get Involved  And Hit  Very Hard  If Protesters Are Killed,20260110T043000Z,,article.wn.com,English,United States
https://www.news18.com/world/locked-and-loaded-trump-says-us-will-intervene-if-iran-uses-violence-on-peaceful-protesters-ws-l-9805651.html,https://www.news18.com/amp/world/locked-and-loaded-trump-says-us-will-intervene-if-iran-uses-violence-on-peaceful-protesters-ws-l-9805651.html,  Locked And Loaded : Trump Says US Will Intervene If Iran Uses Violence On Peaceful Protesters | World News,20260102T091500Z,https://images.news18.com/ibnlive/uploads/2025/12/trump-8-2025-12-cf0914accb409dabeed2e67725e1c9db-16x9.jpeg,news18.com,English,India
https://www.wgal.com/article/trump-iran-trade-partners-tariffs/69980484,,President Trump : Iran trade partners will face 25 % tariffs from US as he looks to pressure Tehran,20260113T024500Z,"https://kubrick.htvapps.com/htv-prod-media.s3.amazonaws.com/images/gettyimages-2255276459-696570b2ecd93.jpg?crop=1.00xw:0.754xh;0,0",wgal.com,English,United States
https://dailycaller.com/2026/01/11/more-than-500-killed-in-iranian-crackdown-on-protestors/,,More Than 500 Killed In Iranian Crackdown On Protestors,20260112T011500Z,"https://images.dailycaller.com/image/width=1280,height=549,fit=cover,format=webp,f=auto/https://cdn01.dailycaller.com/wp-content/uploads/2026/01/GettyImages-2254948954-scaled-e1768175764394.jpg",dailycaller.com,English,United States
https://www.wdsu.com/article/trump-bad-things-will-happen-if-iran-doesnt-give-up-nuclear-program/70428622,,Trump :  Bad things will happen  if Iran doesnt give up its nuclear program,20260220T160000Z,"https://kubrick.htvapps.com/vidthumb/images/iran-flag-00-00-00-00-still001-69983c019a84c.jpg?crop=0.9896004378762999xw:1xh;center,top",wdsu.com,English,United States
https://economictimes.indiatimes.com/news/international/us/us-iran-news-donald-trump-issues-a-fresh-10-day-ultimatum-to-iran-warning-bad-things-could-happen/articleshow/128566407.cms,https://m.economictimes.com/news/international/us/us-iran-news-donald-trump-issues-a-fresh-10-day-ultimatum-to-iran-warning-bad-things-could-happen/amp_articleshow/128566407.cms,"trump board of peace meeting : US - Iran news : Donald Trump issues a fresh  10 - day ultimatum  to Iran , warning  bad things could happen  ",20260219T170000Z,"https://img.etimg.com/thumb/msid-128566457,width-1200,height-630,imgsize-1541577,overlay-economictimes/articleshow.jpg",economictimes.indiatimes.com,English,India
https://economictimes.indiatimes.com/news/international/us/us-iran-news-donald-trump-issues-a-fresh-10-day-ultimatum-to-iran-warning-otherwise-bad-things-happen-/articleshow/128566407.cms,https://m.economictimes.com/news/international/us/us-iran-news-donald-trump-issues-a-fresh-10-day-ultimatum-to-iran-warning-otherwise-bad-things-happen-/amp_articleshow/128566407.cms,"trump board of peace meeting : US - Iran news : Donald Trump issues a fresh  10 - day ultimatum  to Iran , warning  otherwise bad things happen . ",20260219T173000Z,"https://img.etimg.com/thumb/msid-128566457,width-1200,height-630,imgsize-1541577,overlay-economictimes/articleshow.jpg",economictimes.indiatimes.com,English,India
https://www.livemint.com/opinion/online-views/mint-quick-edit-trump-tariff-self-goal-americans-pay-inflation-trade-barriers-11769009765669.html,https://www.livemint.com/opinion/online-views/mint-quick-edit-trump-tariff-self-goal-americans-pay-inflation-trade-barriers/amp-11769009765669.html,Mint Quick Edit | Trump tariff self - goal : Americans have had to pay a heavy price,20260122T030000Z,https://www.livemint.com/lm-img/img/2026/01/21/600x338/iStock-1468580788_1749207620479_1769014340924.jpg,livemint.com,English,India
https://www.india.com/news/world/donald-trump-iran-supreme-leader-ayatollah-ali-khamenei-united-states-us-president-white-house-world-war-katie-pavlich-tonight-israel-benjamin-netanyahu-abolfazl-shekarchi-8276834/,https://www.india.com/news/world/donald-trump-iran-supreme-leader-ayatollah-ali-khamenei-united-states-us-president-white-house-world-war-katie-pavlich-tonight-israel-benjamin-netanyahu-abolfazl-shekarchi-8276834/amp/,"Donald Trump vs Khamenei : US issues stern warning to Iran amid rising tensions , says  US will wipe out Iran if ..., Iranian government reacts",20260122T034500Z,https://static.india.com/wp-content/uploads/2026/01/Donald-mmm.jpg,india.com,English,India
https://www.aljazeera.com/news/2025/12/29/trump-says-us-would-back-strikes-against-irans-missile-programme,https://www.aljazeera.com/amp/news/2025/12/29/trump-says-us-would-back-strikes-against-irans-missile-programme,Trump says US would back strikes against Iran missile programme | Donald Trump News,20251229T203000Z,https://www.aljazeera.com/wp-content/uploads/2025/12/2025-12-29T184534Z_382127940_RC2IQIAN933K_RTRMADP_3_ISRAEL-PALESTINIANS-TRUMP-NETANYAHU-1767034012.jpg,aljazeera.com,English,United States
https://www.wxii12.com/article/trump-iran-negotiations-protests/69972713,,Trump announces potential meeting with Iran amid ongoing protests,20260112T114500Z,"https://kubrick.htvapps.com/vidthumb/images/fire-6964c6d10c99c.jpg?crop=0.982766713605579xw:1xh;center,top",wxii12.com,English,United States
https://www.washingtonexaminer.com/news/white-house/4413831/graham-hints-us-military-action-iran-soon/,,Graham hints at US military action against Iran regime  soon  ,20260111T010000Z,https://www.washingtonexaminer.com/wp-content/uploads/2026/01/graham-us-action-soon-iran.jpg,washingtonexaminer.com,English,United States
https://www.israelnationalnews.com/flashes/675269,,"Trump : A beautiful armada is headed towards Iran , I hope they make a deal",20260128T010000Z,https://2.a7.org/files/pictures/000/1075218.jpg,israelnationalnews.com,English,Israel
http://www.jpost.com/middle-east/iran-news/article-887506,,Iranian students chant against regime at major universities,20260222T170000Z,"https://images.jpost.com/image/upload/f_auto,fl_lossy/q_auto/c_fill,g_faces:center,h_720,w_1280/707650",jpost.com,English,Israel
https://www.jpost.com/middle-east/iran-news/article-887506,,Iranian students chant against regime at major universities,20260222T143000Z,"https://images.jpost.com/image/upload/f_auto,fl_lossy/q_auto/c_fill,g_faces:center,h_720,w_1280/707650",jpost.com,English,Israel
https://www.thesouthafrican.com/news/newspaper-front-pages-19-february-2026-sites-could-be-blocked-over-revenge-porn-and-deepfakes/,,Newspapers front - page headlines from around the world,20260219T100000Z,https://www.thesouthafrican.com/wp-content/uploads/2025/03/6.jpg.optimal.jpg,thesouthafrican.com,English,South Africa
https://www.israelnationalnews.com/news/422740,,Trump on Iran : Theyd better negotiate a fair deal | Israel National News,20260220T204500Z,https://2.a7.org/files/pictures/000/1208668.jpg,israelnationalnews.com,English,Israel
https://www.news18.com/world/order-is-final-trump-slaps-25-us-tariff-on-countries-doing-business-with-iran-9826441.html,https://www.news18.com/amp/world/order-is-final-trump-slaps-25-us-tariff-on-countries-doing-business-with-iran-9826441.html,  Order Is Final : Trump Slaps 25 % US Tariff On Countries Doing Business With Iran | World News,20260113T031500Z,https://images.news18.com/ibnlive/uploads/2026/01/Trump-wars-2026-01-9952c5685d91bd69a6c0ffddaf02ea82-16x9.jpg,news18.com,English,India
http://www.jpost.com/middle-east/iran-news/article-886533,,Donald Trump says he will strike deal with Iran,20260212T213000Z,"https://images.jpost.com/image/upload/f_auto,fl_lossy/q_auto/c_fill,g_faces:center,h_720,w_1280/706283",jpost.com,English,Israel
https://article.wn.com/view/2026/03/18/How_top_US_counterterror_official_called_out_Trumps_Iran_war/,,How top US counterterror official called out Trump Iran war bluff,20260318T090000Z,,article.wn.com,English,United States
https://www.wdsu.com/article/trump-iran-talks-military-buildup-mideast/70275619,,Trump says Iran talks were  very good  amid military buildup in the Mideast,20260207T171500Z,"https://kubrick.htvapps.com/htv-prod-media.s3.amazonaws.com/images/gettyimages-1397219664-698352f0bb0c2.jpg?crop=1xw:0.84375xh;center,top",wdsu.com,English,United States
https://www.wbaltv.com/article/trump-iran-negotiations-protests/69972713,,Trump announces potential meeting with Iran amid ongoing protests,20260112T123000Z,"https://kubrick.htvapps.com/vidthumb/images/fire-6964c6d10c99c.jpg?crop=0.982766713605579xw:1xh;center,top",wbaltv.com,English,United States
https://www.bbc.com/news/live/cj691w2e840t,,Iran : Trump considers action and says Iran wants meeting after hundreds of protesters reported killed,20260112T083000Z,https://ichef.bbci.co.uk/ace/branded_news/1200/cpsprodpb/6917/live/12a36350-ef82-11f0-b385-5f48925de19a.jpg,bbc.com,English,United Kingdom
https://timesofindia.indiatimes.com/world/us/very-big-powerful-ships-sailing-to-iran-donald-trump-issues-warning-to-tehran-what-he-is-demanding/articleshow/127789201.cms,https://timesofindia.indiatimes.com/world/us/very-big-powerful-ships-sailing-to-iran-donald-trump-issues-warning-to-tehran-what-he-is-demanding/amp_articleshow/127789201.cms,"  Very big , powerful ships sailing to Iran : Donald Trump issues warning to Tehran ; what he is demanding",20260130T040000Z,"https://static.toiimg.com/thumb/msid-127789229,width-1280,height-720,imgsize-621278,resizemode-6,overlay-toi_sw,pt-32,y_pad-600/photo.jpg",timesofindia.indiatimes.com,English,India
https://www.al-monitor.com/originals/2026/02/son-irans-last-shah-urges-us-military-intervention-iran,,Son of Iran last shah urges US military intervention in Iran,20260215T213000Z,,al-monitor.com,English,Israel
https://www.israelnationalnews.com/flashes/673728,,Trump : Iran  will be hit very hard  if forces kill demonstrators,20260105T014500Z,https://2.a7.org/files/pictures/000/1075218.jpg,israelnationalnews.com,English,Israel
https://www.kcci.com/article/trump-iran-negotiations-protests/69972713,,Trump announces potential meeting with Iran amid ongoing protests,20260112T151500Z,"https://kubrick.htvapps.com/vidthumb/images/fire-6964c6d10c99c.jpg?crop=0.982766713605579xw:1xh;center,top",kcci.com,English,United States
https://www.aol.com/articles/trump-warns-u-intervention-iran-180750585.html,,Trump warns of U . S . intervention if Iran kills peaceful protesters,20260102T203000Z,https://media.zenfs.com/en/aol_newsy_441/53ddc356180d4ac727cb531b9b8a22d4,aol.com,English,United States
https://www.moneycontrol.com/world/trump-says-it-s-time-to-look-for-new-leadership-in-iran-targets-khamenei-article-13777297.html,https://www.moneycontrol.com/world/trump-says-it-s-time-to-look-for-new-leadership-in-iran-targets-khamenei-article-13777297.html/amp,"Trump says it  time to look for new leadership in Iran , targets Khamenei",20260118T031500Z,https://images.moneycontrol.com/static-mcnews/2026/01/20260117180336_trumponinran.png,moneycontrol.com,English,India
https://www.wmtw.com/article/trump-bad-things-will-happen-if-iran-doesnt-give-up-nuclear-program/70428622,,Trump :  Bad things will happen  if Iran doesnt give up its nuclear program,20260220T151500Z,"https://kubrick.htvapps.com/vidthumb/images/iran-flag-00-00-00-00-still001-69983c019a84c.jpg?crop=0.9896004378762999xw:1xh;center,top",wmtw.com,English,United States
https://www.news18.com/world/well-see-what-happens-trump-says-iran-seeks-deal-on-nuclear-programme-to-avoid-us-strikes-ws-kl-9868949.html,https://www.news18.com/amp/world/well-see-what-happens-trump-says-iran-seeks-deal-on-nuclear-programme-to-avoid-us-strikes-ws-kl-9868949.html,  Well See What Happen : Trump Says Iran Seeks Deal On Nuclear Programme To Avoid US Strikes,20260131T033000Z,https://images.news18.com/ibnlive/uploads/2025/12/President-Trump-2-2025-12-e2611f890bf6af6accdc0b5557179722-16x9.jpeg,news18.com,English,India
https://www.kcci.com/article/iran-threat-us-military-bases-protest/69966391,,Iran says American military bases would be  legitimate target if U . S . launches strikes,20260111T151500Z,"https://kubrick.htvapps.com/htv-prod-media.s3.amazonaws.com/images/gettyimages-2254948954-69625cfdcfb70.jpg?crop=1xw:0.75xh;center,top",kcci.com,English,United States
https://www.firstpost.com/vantage/top-us-general-cautions-trump-on-iran-strikes-vantage-with-palki-sharma-vd1813093/,https://www.firstpost.com/vantage/top-us-general-cautions-trump-on-iran-strikes-vantage-with-palki-sharma-vd1813093/amp/,Top US General Cautions Trump on Iran Strikes | Vantage with Palki Sharma,20260224T171500Z,"https://media.nw18.com/media-assets/wbx6pq/02-2026/24-2026/6D5e51EINB-2402-IRANVODjpg-MSSe4CpG48.jpg?im=FitAndFill,width=1200,height=675",firstpost.com,English,India
https://www.foxnews.com/world/irans-top-prosecutor-criticizes-trumps-announcement-800-executions-were-halted-completely-false,https://www.foxnews.com/world/irans-top-prosecutor-criticizes-trumps-announcement-800-executions-were-halted-completely-false.amp,Iranian prosecutor alleges Trump remarks about 800 executions halted are  false  ,20260123T201500Z,https://static.foxnews.com/foxnews.com/content/uploads/2026/01/trump-white-house-interview-1.jpg,foxnews.com,English,United States
https://www.staradvertiser.com/2026/01/28/breaking-news/trump-tells-iran-to-make-nuclear-deal-or-next-attack-will-be-far-worse/,,Trump tells Iran to make nuclear deal or next attack will be  far worse  ,20260128T210000Z,https://www.staradvertiser.com/wp-content/uploads/2026/01/web1_20260128_brk_tru01.jpg,staradvertiser.com,English,United States
https://www.politico.eu/article/us-donald-trump-threatens-tehran-after-deadly-protests/,,Trump warns Tehran that US is  locked and loaded  to support Iranian protesters – POLITICO,20260102T140000Z,"https://www.politico.eu/cdn-cgi/image/width=1200,height=630,fit=crop,quality=80,onerror=redirect/wp-content/uploads/2026/01/02/GettyImages-2253855841-scaled.jpg",politico.eu,English,United States
https://news.antiwar.com/2026/01/28/trump-demands-iran-agree-to-new-nuclear-agreement-or-suffer-another-american-attack/,,Trump to Iran : Agree to Nuclear Deal Or the US Will Attack,20260128T224500Z,https://news.antiwar.com/wp-content/uploads/2026/01/Screenshot-2026-01-28-134228.png,news.antiwar.com,English,United States
https://www.fox13now.com/world/middle-east/trump-warns-of-u-s-intervention-if-iran-kills-peaceful-protesters,,Trump warns of U . S . intervention if Iran kills peaceful protesters,20260102T203000Z,https://ewscripps.brightspotcdn.com/ab/55/04c9a42f4fbd9a913a9485a40894/ap25362800912978.jpg,fox13now.com,English,United States
https://www.yahoo.com/news/articles/trump-says-nuclear-talks-oman-163331086.html,,"Trump says nuclear talks in Oman were  very good , claims Iran wants a deal  very badly  ",20260208T001500Z,https://s.yimg.com/ny/api/res/1.2/eD6GfrIzhnPRuJEclelP9w--/YXBwaWQ9aGlnaGxhbmRlcjt3PTEyMDA7aD02NzU7Y2Y9d2VicA--/https://media.zenfs.com/en/fox_news_text_979/bb75688687f2f985643730aaec770e42,yahoo.com,English,United States
https://www.middleeastmonitor.com/20251230-iran-warns-of-immediate-and-severe-response-to-any-attack/,https://www.middleeastmonitor.com/20251230-iran-warns-of-immediate-and-severe-response-to-any-attack/?amp,Iran warns of immediate and severe response to any attack,20251230T144500Z,https://www.middleeastmonitor.com/wp-content/uploads/2025/11/AA-20251112-39692670-39692655-MISSILES_DRONES_SATELLITECARRYING_ROCKETS_AND_AIR_DEFENCE_SYSTEMS_ON_DISPLAY_IN_IRAN.jpg,middleeastmonitor.com,English,Israel
https://www.wxyz.com/world/middle-east/trump-warns-of-u-s-intervention-if-iran-kills-peaceful-protesters,,Trump warns of U . S . intervention if Iran kills peaceful protesters,20260102T190000Z,https://ewscripps.brightspotcdn.com/ab/55/04c9a42f4fbd9a913a9485a40894/ap25362800912978.jpg,wxyz.com,English,United States
https://crooksandliars.com/2026/03/trump-declares-war-iran-reasons-war-keep,https://crooksandliars.com/2026/03/trump-declares-war-iran-reasons-war-keep/amp,"Trump Declares War On Iran , But Reasons For War Keep Changing",20260304T013000Z,https://crooksandliars.com/files/embeds/2026/03/69371.jpg,crooksandliars.com,English,United States
https://www.foxnews.com/politics/trump-keeps-gulf-allies-dark-iran-military-plans-we-cant-tell-them,https://www.foxnews.com/politics/trump-keeps-gulf-allies-dark-iran-military-plans-we-cant-tell-them.amp,Trump wont share Iran military plans with Gulf allies amid tensions,20260131T213000Z,https://static.foxnews.com/foxnews.com/content/uploads/2026/01/donald-trump-white-house-1.jpg,foxnews.com,English,United States
https://www.wtkr.com/world/middle-east/irans-supreme-leader-warns-any-us-attack-would-spark-regional-war,,Iran supreme leader warns any US attack would spark  regional war  ,20260201T221500Z,https://ewscripps.brightspotcdn.com/3e/41/8481473e42638dc7ece60020dbb3/ap26032339014874.jpg,wtkr.com,English,United States
https://www.mediaite.com/politics/marjorie-taylor-greene-rips-trumps-iran-threat-as-everything-we-voted-against-in-24/,,Marjorie Taylor Greene Rips Trump Iran Threat as Anti - MAGA,20260102T210000Z,https://www.mediaite.com/wp-content/uploads/2024/04/AP24022003981309-scaled.jpg,mediaite.com,English,United States
https://timesofindia.indiatimes.com/world/us/us-set-to-strike-irans-top-brass-tehran-threatens-to-hit-heart-of-tel-aviv/articleshow/127750268.cms,https://timesofindia.indiatimes.com/world/us/us-set-to-strike-irans-top-brass-tehran-threatens-to-hit-heart-of-tel-aviv/amp_articleshow/127750268.cms,US set to strike Iran top brass ? Tehran threatens to hit  heart of Tel Aviv  ,20260129T043000Z,"https://static.toiimg.com/thumb/msid-127752834,width-1280,height-720,imgsize-1099373,resizemode-6,overlay-toi_sw,pt-32,y_pad-600/photo.jpg",timesofindia.indiatimes.com,English,India
https://www.hindustantimes.com/world-news/trump-thanks-iran-for-not-following-through-with-over-800-prisoner-executions-101768591113424.html,https://www.hindustantimes.com/world-news/trump-thanks-iran-for-not-following-through-with-over-800-prisoner-executions-101768591113424-amp.html,Trump thanks Iran for not following through with over 800 prisoner executions,20260116T213000Z,https://www.hindustantimes.com/ht-img/img/2026/01/16/550x309/TRUMP-DEPART-WH-10_1768591789648_1768591797630.jpg,hindustantimes.com,English,India
https://www.theamericanconservative.com/iran-is-trumps-israeli-influence-test/,,Iran is Trump Israeli Influence Test - The American Conservative,20260205T060000Z,https://www.theamericanconservative.com/wp-content/uploads/2025/12/GettyImages-2240408111.jpg,theamericanconservative.com,English,United States
https://www.wptv.com/world/middle-east/trump-warns-of-u-s-intervention-if-iran-kills-peaceful-protesters,,Trump warns of U . S . intervention if Iran kills peaceful protesters,20260102T200000Z,https://ewscripps.brightspotcdn.com/ab/55/04c9a42f4fbd9a913a9485a40894/ap25362800912978.jpg,wptv.com,English,United States
https://www.geo.tv/latest/652113-trump-pushes-us-towards-war-with-iran-as-advisers-urge-focus-on-economy,,Trump pushes US towards war with Iran as advisers urge focus on economy,20260221T114500Z,https://www.geo.tv/assets/uploads/updates/2026-02-21/l_652113_013702_updates.jpg,geo.tv,English,Pakistan
https://www.wlwt.com/article/trump-iran-negotiations-protests/69972713,,Trump announces potential meeting with Iran amid ongoing protests,20260112T151500Z,"https://kubrick.htvapps.com/vidthumb/images/fire-6964c6d10c99c.jpg?crop=0.982766713605579xw:1xh;center,top",wlwt.com,English,United States
https://www.dailystar.co.uk/news/latest-news/ww3-fears-rise-iran-hits-36533144,,WW3 fears rise as Iran hits back at Trump and vows revenge against any US attack,20260111T134500Z,https://i2-prod.dailystar.co.uk/article36533310.ece/ALTERNATES/s1200/0_G-QvSn1WcAACExM.jpg,dailystar.co.uk,English,United Kingdom
https://theshillongtimes.com/2026/01/13/protest-toll-in-iran-rises-to-572/,,Protest toll in Iran rises to 572The Shillong Times,20260113T134500Z,,theshillongtimes.com,English,India
https://www.moneycontrol.com/world/wipe-them-off-the-face-of-this-earth-trump-issues-stark-threat-to-iran-if-anything-happens-article-13782586.html,https://www.moneycontrol.com/world/wipe-them-off-the-face-of-this-earth-trump-issues-stark-threat-to-iran-if-anything-happens-article-13782586.html/amp,  Wipe them off the face of this earth : Trump issues stark threat to Iran if  anything happens  ,20260121T041500Z,https://images.moneycontrol.com/static-mcnews/2018/06/Trump-Iran.jpg,moneycontrol.com,English,India
https://www.kmbc.com/article/trump-iran-trade-partners-tariffs/69980484,,President Trump : Iran trade partners will face 25 % tariffs from US as he looks to pressure Tehran,20260113T014500Z,"https://kubrick.htvapps.com/htv-prod-media.s3.amazonaws.com/images/gettyimages-2255276459-696570b2ecd93.jpg?crop=1.00xw:0.754xh;0,0",kmbc.com,English,United States
https://www.shtfplan.com/headline-news/irans-president-claims-its-in-a-full-fledged-war-with-the-u-s-israel-and-europe,,"Iran President Claims It In A  Full - Fledged War  With The U . S ., Israel , and Europe",20251230T011500Z,https://www.shtfplan.com/wp-content/uploads/2025/07/iran.jpg,shtfplan.com,English,United States
https://www.ewn.co.za/2026/03/24/trump-s-iran-deal-claims-falls-flat-as-tehran-calls-fake-news,,Trump Iran deal claims fall flat as Tehran calls it fake news,20260324T093000Z,https://media-cache.primedia-service.com/media/nodj4by1/250812-donald-trump-washington-crime.jpg,ewn.co.za,English,South Africa
https://www.wlwt.com/article/iran-threat-us-military-bases-protest/69966391,,Iran says American military bases would be  legitimate target if U . S . launches strikes,20260111T161500Z,"https://kubrick.htvapps.com/htv-prod-media.s3.amazonaws.com/images/gettyimages-2254948954-69625cfdcfb70.jpg?crop=1xw:0.75xh;center,top",wlwt.com,English,United States
https://www.jpost.com/middle-east/iran-news/article-884948,,Report : Iran sees war preferable to US demands,20260129T110000Z,"https://images.jpost.com/image/upload/f_auto,fl_lossy/q_auto/c_fill,g_faces:center,h_720,w_1280/704046",jpost.com,English,Israel
https://www.okaz.com.sa/politics/na/2233633,https://www.okaz.com.sa/ampArticle/2233633,واشنطن وطهران على خط التفاوض .. رسائل متبادلة وتحركات عسكرية,20260131T224500Z,https://www.okaz.com.sa/okaz/uploads/images/2026/01/31/2655537.webp,okaz.com.sa,English,Saudi Arabia
https://www.wxyz.com/politics/the-president/trump-threatens-military-action-against-iran-as-tensions-escalate,,Trump threatens military action against Iran as tensions escalate,20260128T170000Z,https://ewscripps.brightspotcdn.com/a5/05/12100ed24178bbb5562b45326062/ap26026255706004.jpg,wxyz.com,English,United States
https://www.clickondetroit.com/news/world/2026/02/01/iran-says-it-now-considers-eu-militaries-to-be-terrorist-groups/,,Iran supreme leader warns any US attack would spark  regional war  ,20260201T094500Z,"https://res.cloudinary.com/graham-media-group/image/upload/f_auto/q_auto/c_thumb,w_700/v1/media/gmg/PMAZ3WOW6VCHLIYLXVSDOI2MAI.jpg?_a=DATAg1eAZAA0",clickondetroit.com,English,United States
https://article.wn.com/view/2026/02/17/Iran_United_States_set_for_new_talks_in_Geneva_Trump_to_be_i/,,"Iran , United States set for new talks in Geneva ; Trump to be involved indirectly",20260217T060000Z,,article.wn.com,English,United States
https://www.haaretz.com/us-news/2026-01-04/ty-article/.premium/what-trumps-attack-on-venezuela-means-for-iran-and-maga-isolationists/0000019b-8913-dbf4-a79f-995b23e30000,,  Heightens Alarm in Tehran : What Trump Attack on Venezuela Means for Iran and MAGA Isolationists,20260104T191500Z,"https://img.haarets.co.il/bs/0000019b-8913-dbf4-a79f-995b23e30000/81/67/6b4dd90e4a0d96e5a676dd008a72/274936.jpg?precrop=2200,1279,x0,y0&cmsprod",haaretz.com,English,Israel
https://www.lbcgroup.tv/news/world-news/917504/trump-tells-afp-things-are-going-very-well-on-iran/en,,Trump tells AFP things are going very well on Iran,20260324T070000Z,https://www.lbcgroup.tv/uploadImages/DocumentImages/Doc-T-917504-639098693016155747.jpg,lbcgroup.tv,English,Lebanon
https://www.washingtonexaminer.com/policy/defense/4462612/us-ready-strike-iran-soon-trump-undecided/,,"US ready to strike Iran this weekend , but Trump undecided",20260219T050000Z,https://www.washingtonexaminer.com/wp-content/uploads/2026/02/AP26044834573038.jpg,washingtonexaminer.com,English,United States
https://www.india.com/news/world/irans-direct-threat-to-us-over-donald-trumps-support-to-protesters-tehran-lists-americas-past-crimes-misdeeds-iranian-foreign-ministry-iraq-war-persian-gulf-unsc-usa-israel-pezeshkian-ali-khamenei-8254510/,https://www.india.com/news/world/irans-direct-threat-to-us-over-donald-trumps-support-to-protesters-tehran-lists-americas-past-crimes-misdeeds-iranian-foreign-ministry-iraq-war-persian-gulf-unsc-usa-israel-pezeshkian-ali-khamenei-8254510/amp/,Iran direct threat to US over Donald Trump support to protesters,20260103T120000Z,https://static.india.com/wp-content/uploads/2026/01/QT-us-ir-BEFUN.jpg,india.com,English,India
https://www.yahoo.com/news/articles/irans-top-prosecutor-criticizes-trumps-191826342.html,,Iran top prosecutor criticizes Trump announcement that 800+ executions were halted :  Completely false  ,20260124T004500Z,https://s.yimg.com/ny/api/res/1.2/Fs6St5GWPsaDD02TMX3MOw--/YXBwaWQ9aGlnaGxhbmRlcjt3PTEyMDA7aD02NzU7Y2Y9d2VicA--/https://media.zenfs.com/en/fox_news_text_979/cebfbd0b79ed179d6c2e107be21c1982,yahoo.com,English,United States
https://www.firstpost.com/world/us-president-trump-military-attack-warning-to-iran-tehran-protests-naval-armada-aircraft-carrier-13971589.html,https://www.firstpost.com/world/us-president-trump-military-attack-warning-to-iran-tehran-protests-naval-armada-aircraft-carrier-13971589.html/amp,"  Massive armada moving : Trump renews military attack warning to Tehran , says  watching closely  ",20260123T051500Z,"https://images.firstpost.com/uploads/2025/05/5-2025-05-d8aea0eefe517a9173a3b79de4e15bea.jpg?im=FitAndFill=(1200,675)",firstpost.com,English,India
